Model,Target backend,Scale factor type,Activations and weights bit width,Bias bit width,Per-channel scale,Activation quantization type,Bias correction,Graph equalization iters,Merge Bias in graph equalization,Activation quantization percentile,Top 1% floating point accuracy,Top 1% quant accuracy,Floating point accuracy - quant accuracy,Quant accuracy / floating point accuracy,Calibration size,Calibration batch size,Torch version,Brevitas version
resnet18,layerwise,float32,8,int32,False,asymmetric,True,0,False,99.9,69.758,68.518,-1.24,0.982,1000,64,1.13.1,0.8.1.dev98+ge2bdfc04.d20230412
resnet18,layerwise,float32,8,int32,False,asymmetric,True,0,False,99.99,69.758,69.572,-0.186,0.997,1000,64,1.13.1,0.8.1.dev98+ge2bdfc04.d20230412
resnet18,layerwise,float32,8,int32,False,asymmetric,True,0,False,99.999,69.758,69.634,-0.124,0.998,1000,64,1.13.1,0.8.1.dev98+ge2bdfc04.d20230412
resnet18,layerwise,float32,8,int32,False,asymmetric,True,20,False,99.9,69.758,68.936,-0.822,0.988,1000,64,1.13.1,0.8.1.dev98+ge2bdfc04.d20230412
resnet18,layerwise,float32,8,int32,False,asymmetric,True,20,False,99.99,69.758,69.476,-0.282,0.996,1000,64,1.13.1,0.8.1.dev98+ge2bdfc04.d20230412
resnet18,layerwise,float32,8,int32,False,asymmetric,True,20,False,99.999,69.758,69.662,-0.096,0.999,1000,64,1.13.1,0.8.1.dev98+ge2bdfc04.d20230412
resnet18,layerwise,float32,8,int32,False,asymmetric,True,20,True,99.9,69.758,68.65,-1.108,0.984,1000,64,1.13.1,0.8.1.dev98+ge2bdfc04.d20230412
resnet18,layerwise,float32,8,int32,False,asymmetric,True,20,True,99.99,69.758,69.444,-0.314,0.995,1000,64,1.13.1,0.8.1.dev98+ge2bdfc04.d20230412
resnet18,layerwise,float32,8,int32,False,asymmetric,True,20,True,99.999,69.758,69.462,-0.296,0.996,1000,64,1.13.1,0.8.1.dev98+ge2bdfc04.d20230412
resnet18,layerwise,float32,8,int32,False,symmetric,True,0,False,99.9,69.758,68.54,-1.218,0.983,1000,64,1.13.1,0.8.1.dev98+ge2bdfc04.d20230412
resnet18,layerwise,float32,8,int32,False,symmetric,True,0,False,99.99,69.758,69.572,-0.186,0.997,1000,64,1.13.1,0.8.1.dev98+ge2bdfc04.d20230412
resnet18,layerwise,float32,8,int32,False,symmetric,True,0,False,99.999,69.758,69.634,-0.124,0.998,1000,64,1.13.1,0.8.1.dev98+ge2bdfc04.d20230412
resnet18,layerwise,float32,8,int32,False,symmetric,True,20,False,99.9,69.758,68.934,-0.824,0.988,1000,64,1.13.1,0.8.1.dev98+ge2bdfc04.d20230412
resnet18,layerwise,float32,8,int32,False,symmetric,True,20,False,99.99,69.758,69.476,-0.282,0.996,1000,64,1.13.1,0.8.1.dev98+ge2bdfc04.d20230412
resnet18,layerwise,float32,8,int32,False,symmetric,True,20,False,99.999,69.758,69.662,-0.096,0.999,1000,64,1.13.1,0.8.1.dev98+ge2bdfc04.d20230412
resnet18,layerwise,float32,8,int32,False,symmetric,True,20,True,99.9,69.758,68.664,-1.094,0.984,1000,64,1.13.1,0.8.1.dev98+ge2bdfc04.d20230412
resnet18,layerwise,float32,8,int32,False,symmetric,True,20,True,99.99,69.758,69.444,-0.314,0.995,1000,64,1.13.1,0.8.1.dev98+ge2bdfc04.d20230412
resnet18,layerwise,float32,8,int32,False,symmetric,True,20,True,99.999,69.758,69.462,-0.296,0.996,1000,64,1.13.1,0.8.1.dev98+ge2bdfc04.d20230412
resnet18,layerwise,float32,8,int32,True,asymmetric,True,0,False,99.9,69.758,68.576,-1.182,0.983,1000,64,1.13.1,0.8.1.dev98+ge2bdfc04.d20230412
resnet18,layerwise,float32,8,int32,True,asymmetric,True,0,False,99.99,69.758,69.598,-0.16,0.998,1000,64,1.13.1,0.8.1.dev98+ge2bdfc04.d20230412
resnet18,layerwise,float32,8,int32,True,asymmetric,True,0,False,99.999,69.758,69.652,-0.106,0.998,1000,64,1.13.1,0.8.1.dev98+ge2bdfc04.d20230412
resnet18,layerwise,float32,8,int32,True,asymmetric,True,20,False,99.9,69.758,68.958,-0.8,0.989,1000,64,1.13.1,0.8.1.dev98+ge2bdfc04.d20230412
resnet18,layerwise,float32,8,int32,True,asymmetric,True,20,False,99.99,69.758,69.594,-0.164,0.998,1000,64,1.13.1,0.8.1.dev98+ge2bdfc04.d20230412
resnet18,layerwise,float32,8,int32,True,asymmetric,True,20,False,99.999,69.758,69.692,-0.066,0.999,1000,64,1.13.1,0.8.1.dev98+ge2bdfc04.d20230412
resnet18,layerwise,float32,8,int32,True,asymmetric,True,20,True,99.9,69.758,68.844,-0.914,0.987,1000,64,1.13.1,0.8.1.dev98+ge2bdfc04.d20230412
resnet18,layerwise,float32,8,int32,True,asymmetric,True,20,True,99.99,69.758,69.544,-0.214,0.997,1000,64,1.13.1,0.8.1.dev98+ge2bdfc04.d20230412
resnet18,layerwise,float32,8,int32,True,asymmetric,True,20,True,99.999,69.758,69.626,-0.132,0.998,1000,64,1.13.1,0.8.1.dev98+ge2bdfc04.d20230412
resnet18,layerwise,float32,8,int32,True,symmetric,True,0,False,99.9,69.758,68.564,-1.194,0.983,1000,64,1.13.1,0.8.1.dev98+ge2bdfc04.d20230412
resnet18,layerwise,float32,8,int32,True,symmetric,True,0,False,99.99,69.758,69.598,-0.16,0.998,1000,64,1.13.1,0.8.1.dev98+ge2bdfc04.d20230412
resnet18,layerwise,float32,8,int32,True,symmetric,True,0,False,99.999,69.758,69.652,-0.106,0.998,1000,64,1.13.1,0.8.1.dev98+ge2bdfc04.d20230412
resnet18,layerwise,float32,8,int32,True,symmetric,True,20,False,99.9,69.758,69.01,-0.748,0.989,1000,64,1.13.1,0.8.1.dev98+ge2bdfc04.d20230412
resnet18,layerwise,float32,8,int32,True,symmetric,True,20,False,99.99,69.758,69.594,-0.164,0.998,1000,64,1.13.1,0.8.1.dev98+ge2bdfc04.d20230412
resnet18,layerwise,float32,8,int32,True,symmetric,True,20,False,99.999,69.758,69.692,-0.066,0.999,1000,64,1.13.1,0.8.1.dev98+ge2bdfc04.d20230412
resnet18,layerwise,float32,8,int32,True,symmetric,True,20,True,99.9,69.758,68.864,-0.894,0.987,1000,64,1.13.1,0.8.1.dev98+ge2bdfc04.d20230412
resnet18,layerwise,float32,8,int32,True,symmetric,True,20,True,99.99,69.758,69.544,-0.214,0.997,1000,64,1.13.1,0.8.1.dev98+ge2bdfc04.d20230412
resnet18,layerwise,float32,8,int32,True,symmetric,True,20,True,99.999,69.758,69.626,-0.132,0.998,1000,64,1.13.1,0.8.1.dev98+ge2bdfc04.d20230412
resnet18,layerwise,po2,8,int32,False,asymmetric,True,0,False,99.9,69.758,69.054,-0.704,0.99,1000,64,1.13.1,0.8.1.dev98+ge2bdfc04.d20230412
resnet18,layerwise,po2,8,int32,False,asymmetric,True,0,False,99.99,69.758,69.372,-0.386,0.994,1000,64,1.13.1,0.8.1.dev98+ge2bdfc04.d20230412
resnet18,layerwise,po2,8,int32,False,asymmetric,True,0,False,99.999,69.758,69.412,-0.346,0.995,1000,64,1.13.1,0.8.1.dev98+ge2bdfc04.d20230412
resnet18,layerwise,po2,8,int32,False,asymmetric,True,20,False,99.9,69.758,69.24,-0.518,0.993,1000,64,1.13.1,0.8.1.dev98+ge2bdfc04.d20230412
resnet18,layerwise,po2,8,int32,False,asymmetric,True,20,False,99.99,69.758,69.496,-0.262,0.996,1000,64,1.13.1,0.8.1.dev98+ge2bdfc04.d20230412
resnet18,layerwise,po2,8,int32,False,asymmetric,True,20,False,99.999,69.758,69.514,-0.244,0.997,1000,64,1.13.1,0.8.1.dev98+ge2bdfc04.d20230412
resnet18,layerwise,po2,8,int32,False,asymmetric,True,20,True,99.9,69.758,69.286,-0.472,0.993,1000,64,1.13.1,0.8.1.dev98+ge2bdfc04.d20230412
resnet18,layerwise,po2,8,int32,False,asymmetric,True,20,True,99.99,69.758,69.44,-0.318,0.995,1000,64,1.13.1,0.8.1.dev98+ge2bdfc04.d20230412
resnet18,layerwise,po2,8,int32,False,asymmetric,True,20,True,99.999,69.758,69.41,-0.348,0.995,1000,64,1.13.1,0.8.1.dev98+ge2bdfc04.d20230412
resnet18,layerwise,po2,8,int32,False,symmetric,True,0,False,99.9,69.758,69.054,-0.704,0.99,1000,64,1.13.1,0.8.1.dev98+ge2bdfc04.d20230412
resnet18,layerwise,po2,8,int32,False,symmetric,True,0,False,99.99,69.758,69.372,-0.386,0.994,1000,64,1.13.1,0.8.1.dev98+ge2bdfc04.d20230412
resnet18,layerwise,po2,8,int32,False,symmetric,True,0,False,99.999,69.758,69.412,-0.346,0.995,1000,64,1.13.1,0.8.1.dev98+ge2bdfc04.d20230412
resnet18,layerwise,po2,8,int32,False,symmetric,True,20,False,99.9,69.758,69.24,-0.518,0.993,1000,64,1.13.1,0.8.1.dev98+ge2bdfc04.d20230412
resnet18,layerwise,po2,8,int32,False,symmetric,True,20,False,99.99,69.758,69.496,-0.262,0.996,1000,64,1.13.1,0.8.1.dev98+ge2bdfc04.d20230412
resnet18,layerwise,po2,8,int32,False,symmetric,True,20,False,99.999,69.758,69.514,-0.244,0.997,1000,64,1.13.1,0.8.1.dev98+ge2bdfc04.d20230412
resnet18,layerwise,po2,8,int32,False,symmetric,True,20,True,99.9,69.758,69.286,-0.472,0.993,1000,64,1.13.1,0.8.1.dev98+ge2bdfc04.d20230412
resnet18,layerwise,po2,8,int32,False,symmetric,True,20,True,99.99,69.758,69.44,-0.318,0.995,1000,64,1.13.1,0.8.1.dev98+ge2bdfc04.d20230412
resnet18,layerwise,po2,8,int32,False,symmetric,True,20,True,99.999,69.758,69.41,-0.348,0.995,1000,64,1.13.1,0.8.1.dev98+ge2bdfc04.d20230412
resnet18,layerwise,po2,8,int32,True,asymmetric,True,0,False,99.9,69.758,69.27,-0.488,0.993,1000,64,1.13.1,0.8.1.dev98+ge2bdfc04.d20230412
resnet18,layerwise,po2,8,int32,True,asymmetric,True,0,False,99.99,69.758,69.69,-0.068,0.999,1000,64,1.13.1,0.8.1.dev98+ge2bdfc04.d20230412
resnet18,layerwise,po2,8,int32,True,asymmetric,True,0,False,99.999,69.758,69.662,-0.096,0.999,1000,64,1.13.1,0.8.1.dev98+ge2bdfc04.d20230412
resnet18,layerwise,po2,8,int32,True,asymmetric,True,20,False,99.9,69.758,69.316,-0.442,0.994,1000,64,1.13.1,0.8.1.dev98+ge2bdfc04.d20230412
resnet18,layerwise,po2,8,int32,True,asymmetric,True,20,False,99.99,69.758,69.58,-0.178,0.997,1000,64,1.13.1,0.8.1.dev98+ge2bdfc04.d20230412
resnet18,layerwise,po2,8,int32,True,asymmetric,True,20,False,99.999,69.758,69.608,-0.15,0.998,1000,64,1.13.1,0.8.1.dev98+ge2bdfc04.d20230412
resnet18,layerwise,po2,8,int32,True,asymmetric,True,20,True,99.9,69.758,69.492,-0.266,0.996,1000,64,1.13.1,0.8.1.dev98+ge2bdfc04.d20230412
resnet18,layerwise,po2,8,int32,True,asymmetric,True,20,True,99.99,69.758,69.712,-0.046,0.999,1000,64,1.13.1,0.8.1.dev98+ge2bdfc04.d20230412
resnet18,layerwise,po2,8,int32,True,asymmetric,True,20,True,99.999,69.758,69.656,-0.102,0.999,1000,64,1.13.1,0.8.1.dev98+ge2bdfc04.d20230412
resnet18,layerwise,po2,8,int32,True,symmetric,True,0,False,99.9,69.758,69.27,-0.488,0.993,1000,64,1.13.1,0.8.1.dev98+ge2bdfc04.d20230412
resnet18,layerwise,po2,8,int32,True,symmetric,True,0,False,99.99,69.758,69.69,-0.068,0.999,1000,64,1.13.1,0.8.1.dev98+ge2bdfc04.d20230412
resnet18,layerwise,po2,8,int32,True,symmetric,True,0,False,99.999,69.758,69.662,-0.096,0.999,1000,64,1.13.1,0.8.1.dev98+ge2bdfc04.d20230412
resnet18,layerwise,po2,8,int32,True,symmetric,True,20,False,99.9,69.758,69.316,-0.442,0.994,1000,64,1.13.1,0.8.1.dev98+ge2bdfc04.d20230412
resnet18,layerwise,po2,8,int32,True,symmetric,True,20,False,99.99,69.758,69.58,-0.178,0.997,1000,64,1.13.1,0.8.1.dev98+ge2bdfc04.d20230412
resnet18,layerwise,po2,8,int32,True,symmetric,True,20,False,99.999,69.758,69.608,-0.15,0.998,1000,64,1.13.1,0.8.1.dev98+ge2bdfc04.d20230412
resnet18,layerwise,po2,8,int32,True,symmetric,True,20,True,99.9,69.758,69.492,-0.266,0.996,1000,64,1.13.1,0.8.1.dev98+ge2bdfc04.d20230412
resnet18,layerwise,po2,8,int32,True,symmetric,True,20,True,99.99,69.758,69.712,-0.046,0.999,1000,64,1.13.1,0.8.1.dev98+ge2bdfc04.d20230412
resnet18,layerwise,po2,8,int32,True,symmetric,True,20,True,99.999,69.758,69.656,-0.102,0.999,1000,64,1.13.1,0.8.1.dev98+ge2bdfc04.d20230412
resnet18,generic,float32,8,int32,False,asymmetric,True,0,False,99.9,69.758,62.564,-7.194,0.897,1000,64,1.13.1,0.8.1.dev98+ge2bdfc04.d20230412
resnet18,generic,float32,8,int32,False,asymmetric,True,0,False,99.99,69.758,68.342,-1.416,0.98,1000,64,1.13.1,0.8.1.dev98+ge2bdfc04.d20230412
resnet18,generic,float32,8,int32,False,asymmetric,True,0,False,99.999,69.758,69.404,-0.354,0.995,1000,64,1.13.1,0.8.1.dev98+ge2bdfc04.d20230412
resnet18,generic,float32,8,int32,False,asymmetric,True,20,False,99.9,69.758,67.046,-2.712,0.961,1000,64,1.13.1,0.8.1.dev98+ge2bdfc04.d20230412
resnet18,generic,float32,8,int32,False,asymmetric,True,20,False,99.99,69.758,68.982,-0.776,0.989,1000,64,1.13.1,0.8.1.dev98+ge2bdfc04.d20230412
resnet18,generic,float32,8,int32,False,asymmetric,True,20,False,99.999,69.758,69.398,-0.36,0.995,1000,64,1.13.1,0.8.1.dev98+ge2bdfc04.d20230412
resnet18,generic,float32,8,int32,False,asymmetric,True,20,True,99.9,69.758,66.356,-3.402,0.951,1000,64,1.13.1,0.8.1.dev98+ge2bdfc04.d20230412
resnet18,generic,float32,8,int32,False,asymmetric,True,20,True,99.99,69.758,68.696,-1.062,0.985,1000,64,1.13.1,0.8.1.dev98+ge2bdfc04.d20230412
resnet18,generic,float32,8,int32,False,asymmetric,True,20,True,99.999,69.758,69.336,-0.422,0.994,1000,64,1.13.1,0.8.1.dev98+ge2bdfc04.d20230412
resnet18,generic,float32,8,int32,False,symmetric,True,0,False,99.9,69.758,0.52,-69.238,0.007,1000,64,1.13.1,0.8.1.dev98+ge2bdfc04.d20230412
resnet18,generic,float32,8,int32,False,symmetric,True,0,False,99.99,69.758,57.116,-12.642,0.819,1000,64,1.13.1,0.8.1.dev98+ge2bdfc04.d20230412
resnet18,generic,float32,8,int32,False,symmetric,True,0,False,99.999,69.758,69.404,-0.354,0.995,1000,64,1.13.1,0.8.1.dev98+ge2bdfc04.d20230412
resnet18,generic,float32,8,int32,False,symmetric,True,20,False,99.9,69.758,29.858,-39.9,0.428,1000,64,1.13.1,0.8.1.dev98+ge2bdfc04.d20230412
resnet18,generic,float32,8,int32,False,symmetric,True,20,False,99.99,69.758,68.338,-1.42,0.98,1000,64,1.13.1,0.8.1.dev98+ge2bdfc04.d20230412
resnet18,generic,float32,8,int32,False,symmetric,True,20,False,99.999,69.758,69.398,-0.36,0.995,1000,64,1.13.1,0.8.1.dev98+ge2bdfc04.d20230412
resnet18,generic,float32,8,int32,False,symmetric,True,20,True,99.9,69.758,3.674,-66.084,0.053,1000,64,1.13.1,0.8.1.dev98+ge2bdfc04.d20230412
resnet18,generic,float32,8,int32,False,symmetric,True,20,True,99.99,69.758,66.902,-2.856,0.959,1000,64,1.13.1,0.8.1.dev98+ge2bdfc04.d20230412
resnet18,generic,float32,8,int32,False,symmetric,True,20,True,99.999,69.758,69.336,-0.422,0.994,1000,64,1.13.1,0.8.1.dev98+ge2bdfc04.d20230412
resnet18,generic,float32,8,int32,True,asymmetric,True,0,False,99.9,69.758,62.794,-6.964,0.9,1000,64,1.13.1,0.8.1.dev98+ge2bdfc04.d20230412
resnet18,generic,float32,8,int32,True,asymmetric,True,0,False,99.99,69.758,68.362,-1.396,0.98,1000,64,1.13.1,0.8.1.dev98+ge2bdfc04.d20230412
resnet18,generic,float32,8,int32,True,asymmetric,True,0,False,99.999,69.758,69.344,-0.414,0.994,1000,64,1.13.1,0.8.1.dev98+ge2bdfc04.d20230412
resnet18,generic,float32,8,int32,True,asymmetric,True,20,False,99.9,69.758,67.112,-2.646,0.962,1000,64,1.13.1,0.8.1.dev98+ge2bdfc04.d20230412
resnet18,generic,float32,8,int32,True,asymmetric,True,20,False,99.99,69.758,69.024,-0.734,0.989,1000,64,1.13.1,0.8.1.dev98+ge2bdfc04.d20230412
resnet18,generic,float32,8,int32,True,asymmetric,True,20,False,99.999,69.758,69.464,-0.294,0.996,1000,64,1.13.1,0.8.1.dev98+ge2bdfc04.d20230412
resnet18,generic,float32,8,int32,True,asymmetric,True,20,True,99.9,69.758,66.674,-3.084,0.956,1000,64,1.13.1,0.8.1.dev98+ge2bdfc04.d20230412
resnet18,generic,float32,8,int32,True,asymmetric,True,20,True,99.99,69.758,68.978,-0.78,0.989,1000,64,1.13.1,0.8.1.dev98+ge2bdfc04.d20230412
resnet18,generic,float32,8,int32,True,asymmetric,True,20,True,99.999,69.758,69.48,-0.278,0.996,1000,64,1.13.1,0.8.1.dev98+ge2bdfc04.d20230412
resnet18,generic,float32,8,int32,True,symmetric,True,0,False,99.9,69.758,0.54,-69.218,0.008,1000,64,1.13.1,0.8.1.dev98+ge2bdfc04.d20230412
resnet18,generic,float32,8,int32,True,symmetric,True,0,False,99.99,69.758,57.346,-12.412,0.822,1000,64,1.13.1,0.8.1.dev98+ge2bdfc04.d20230412
resnet18,generic,float32,8,int32,True,symmetric,True,0,False,99.999,69.758,69.344,-0.414,0.994,1000,64,1.13.1,0.8.1.dev98+ge2bdfc04.d20230412
resnet18,generic,float32,8,int32,True,symmetric,True,20,False,99.9,69.758,30.448,-39.31,0.436,1000,64,1.13.1,0.8.1.dev98+ge2bdfc04.d20230412
resnet18,generic,float32,8,int32,True,symmetric,True,20,False,99.99,69.758,68.38,-1.378,0.98,1000,64,1.13.1,0.8.1.dev98+ge2bdfc04.d20230412
resnet18,generic,float32,8,int32,True,symmetric,True,20,False,99.999,69.758,69.464,-0.294,0.996,1000,64,1.13.1,0.8.1.dev98+ge2bdfc04.d20230412
resnet18,generic,float32,8,int32,True,symmetric,True,20,True,99.9,69.758,3.85,-65.908,0.055,1000,64,1.13.1,0.8.1.dev98+ge2bdfc04.d20230412
resnet18,generic,float32,8,int32,True,symmetric,True,20,True,99.99,69.758,67.096,-2.662,0.962,1000,64,1.13.1,0.8.1.dev98+ge2bdfc04.d20230412
resnet18,generic,float32,8,int32,True,symmetric,True,20,True,99.999,69.758,69.48,-0.278,0.996,1000,64,1.13.1,0.8.1.dev98+ge2bdfc04.d20230412
resnet18,generic,po2,8,int32,False,asymmetric,True,0,False,99.9,69.758,68.408,-1.35,0.981,1000,64,1.13.1,0.8.1.dev98+ge2bdfc04.d20230412
resnet18,generic,po2,8,int32,False,asymmetric,True,0,False,99.99,69.758,69.034,-0.724,0.99,1000,64,1.13.1,0.8.1.dev98+ge2bdfc04.d20230412
resnet18,generic,po2,8,int32,False,asymmetric,True,0,False,99.999,69.758,69.33,-0.428,0.994,1000,64,1.13.1,0.8.1.dev98+ge2bdfc04.d20230412
resnet18,generic,po2,8,int32,False,asymmetric,True,20,False,99.9,69.758,69.132,-0.626,0.991,1000,64,1.13.1,0.8.1.dev98+ge2bdfc04.d20230412
resnet18,generic,po2,8,int32,False,asymmetric,True,20,False,99.99,69.758,69.142,-0.616,0.991,1000,64,1.13.1,0.8.1.dev98+ge2bdfc04.d20230412
resnet18,generic,po2,8,int32,False,asymmetric,True,20,False,99.999,69.758,69.454,-0.304,0.996,1000,64,1.13.1,0.8.1.dev98+ge2bdfc04.d20230412
resnet18,generic,po2,8,int32,False,asymmetric,True,20,True,99.9,69.758,69.208,-0.55,0.992,1000,64,1.13.1,0.8.1.dev98+ge2bdfc04.d20230412
resnet18,generic,po2,8,int32,False,asymmetric,True,20,True,99.99,69.758,69.158,-0.6,0.991,1000,64,1.13.1,0.8.1.dev98+ge2bdfc04.d20230412
resnet18,generic,po2,8,int32,False,asymmetric,True,20,True,99.999,69.758,69.258,-0.5,0.993,1000,64,1.13.1,0.8.1.dev98+ge2bdfc04.d20230412
resnet18,generic,po2,8,int32,False,symmetric,True,0,False,99.9,69.758,59.2,-10.558,0.849,1000,64,1.13.1,0.8.1.dev98+ge2bdfc04.d20230412
resnet18,generic,po2,8,int32,False,symmetric,True,0,False,99.99,69.758,67.97,-1.788,0.974,1000,64,1.13.1,0.8.1.dev98+ge2bdfc04.d20230412
resnet18,generic,po2,8,int32,False,symmetric,True,0,False,99.999,69.758,69.33,-0.428,0.994,1000,64,1.13.1,0.8.1.dev98+ge2bdfc04.d20230412
resnet18,generic,po2,8,int32,False,symmetric,True,20,False,99.9,69.758,68.336,-1.422,0.98,1000,64,1.13.1,0.8.1.dev98+ge2bdfc04.d20230412
resnet18,generic,po2,8,int32,False,symmetric,True,20,False,99.99,69.758,68.32,-1.438,0.979,1000,64,1.13.1,0.8.1.dev98+ge2bdfc04.d20230412
resnet18,generic,po2,8,int32,False,symmetric,True,20,False,99.999,69.758,69.454,-0.304,0.996,1000,64,1.13.1,0.8.1.dev98+ge2bdfc04.d20230412
resnet18,generic,po2,8,int32,False,symmetric,True,20,True,99.9,69.758,67.796,-1.962,0.972,1000,64,1.13.1,0.8.1.dev98+ge2bdfc04.d20230412
resnet18,generic,po2,8,int32,False,symmetric,True,20,True,99.99,69.758,68.842,-0.916,0.987,1000,64,1.13.1,0.8.1.dev98+ge2bdfc04.d20230412
resnet18,generic,po2,8,int32,False,symmetric,True,20,True,99.999,69.758,69.258,-0.5,0.993,1000,64,1.13.1,0.8.1.dev98+ge2bdfc04.d20230412
resnet18,generic,po2,8,int32,True,asymmetric,True,0,False,99.9,69.758,68.78,-0.978,0.986,1000,64,1.13.1,0.8.1.dev98+ge2bdfc04.d20230412
resnet18,generic,po2,8,int32,True,asymmetric,True,0,False,99.99,69.758,69.382,-0.376,0.995,1000,64,1.13.1,0.8.1.dev98+ge2bdfc04.d20230412
resnet18,generic,po2,8,int32,True,asymmetric,True,0,False,99.999,69.758,69.48,-0.278,0.996,1000,64,1.13.1,0.8.1.dev98+ge2bdfc04.d20230412
resnet18,generic,po2,8,int32,True,asymmetric,True,20,False,99.9,69.758,69.348,-0.41,0.994,1000,64,1.13.1,0.8.1.dev98+ge2bdfc04.d20230412
resnet18,generic,po2,8,int32,True,asymmetric,True,20,False,99.99,69.758,69.32,-0.438,0.994,1000,64,1.13.1,0.8.1.dev98+ge2bdfc04.d20230412
resnet18,generic,po2,8,int32,True,asymmetric,True,20,False,99.999,69.758,69.512,-0.246,0.996,1000,64,1.13.1,0.8.1.dev98+ge2bdfc04.d20230412
resnet18,generic,po2,8,int32,True,asymmetric,True,20,True,99.9,69.758,69.47,-0.288,0.996,1000,64,1.13.1,0.8.1.dev98+ge2bdfc04.d20230412
resnet18,generic,po2,8,int32,True,asymmetric,True,20,True,99.99,69.758,69.408,-0.35,0.995,1000,64,1.13.1,0.8.1.dev98+ge2bdfc04.d20230412
resnet18,generic,po2,8,int32,True,asymmetric,True,20,True,99.999,69.758,69.556,-0.202,0.997,1000,64,1.13.1,0.8.1.dev98+ge2bdfc04.d20230412
resnet18,generic,po2,8,int32,True,symmetric,True,0,False,99.9,69.758,59.484,-10.274,0.853,1000,64,1.13.1,0.8.1.dev98+ge2bdfc04.d20230412
resnet18,generic,po2,8,int32,True,symmetric,True,0,False,99.99,69.758,68.386,-1.372,0.98,1000,64,1.13.1,0.8.1.dev98+ge2bdfc04.d20230412
resnet18,generic,po2,8,int32,True,symmetric,True,0,False,99.999,69.758,69.48,-0.278,0.996,1000,64,1.13.1,0.8.1.dev98+ge2bdfc04.d20230412
resnet18,generic,po2,8,int32,True,symmetric,True,20,False,99.9,69.758,68.534,-1.224,0.982,1000,64,1.13.1,0.8.1.dev98+ge2bdfc04.d20230412
resnet18,generic,po2,8,int32,True,symmetric,True,20,False,99.99,69.758,68.564,-1.194,0.983,1000,64,1.13.1,0.8.1.dev98+ge2bdfc04.d20230412
resnet18,generic,po2,8,int32,True,symmetric,True,20,False,99.999,69.758,69.512,-0.246,0.996,1000,64,1.13.1,0.8.1.dev98+ge2bdfc04.d20230412
resnet18,generic,po2,8,int32,True,symmetric,True,20,True,99.9,69.758,68.018,-1.74,0.975,1000,64,1.13.1,0.8.1.dev98+ge2bdfc04.d20230412
resnet18,generic,po2,8,int32,True,symmetric,True,20,True,99.99,69.758,69.082,-0.676,0.99,1000,64,1.13.1,0.8.1.dev98+ge2bdfc04.d20230412
resnet18,generic,po2,8,int32,True,symmetric,True,20,True,99.999,69.758,69.556,-0.202,0.997,1000,64,1.13.1,0.8.1.dev98+ge2bdfc04.d20230412
resnet18,flexml,po2,8,int32,False,asymmetric,True,0,False,99.9,69.758,68.414,-1.344,0.981,1000,64,1.13.1,0.8.1.dev98+ge2bdfc04.d20230412
resnet18,flexml,po2,8,int32,False,asymmetric,True,0,False,99.99,69.758,69.014,-0.744,0.989,1000,64,1.13.1,0.8.1.dev98+ge2bdfc04.d20230412
resnet18,flexml,po2,8,int32,False,asymmetric,True,0,False,99.999,69.758,69.294,-0.464,0.993,1000,64,1.13.1,0.8.1.dev98+ge2bdfc04.d20230412
resnet18,flexml,po2,8,int32,False,asymmetric,True,20,False,99.9,69.758,69.11,-0.648,0.991,1000,64,1.13.1,0.8.1.dev98+ge2bdfc04.d20230412
resnet18,flexml,po2,8,int32,False,asymmetric,True,20,False,99.99,69.758,69.234,-0.524,0.992,1000,64,1.13.1,0.8.1.dev98+ge2bdfc04.d20230412
resnet18,flexml,po2,8,int32,False,asymmetric,True,20,False,99.999,69.758,69.408,-0.35,0.995,1000,64,1.13.1,0.8.1.dev98+ge2bdfc04.d20230412
resnet18,flexml,po2,8,int32,False,asymmetric,True,20,True,99.9,69.758,69.22,-0.538,0.992,1000,64,1.13.1,0.8.1.dev98+ge2bdfc04.d20230412
resnet18,flexml,po2,8,int32,False,asymmetric,True,20,True,99.99,69.758,69.17,-0.588,0.992,1000,64,1.13.1,0.8.1.dev98+ge2bdfc04.d20230412
resnet18,flexml,po2,8,int32,False,asymmetric,True,20,True,99.999,69.758,69.318,-0.44,0.994,1000,64,1.13.1,0.8.1.dev98+ge2bdfc04.d20230412
resnet18,flexml,po2,8,int32,False,symmetric,True,0,False,99.9,69.758,59.188,-10.57,0.848,1000,64,1.13.1,0.8.1.dev98+ge2bdfc04.d20230412
resnet18,flexml,po2,8,int32,False,symmetric,True,0,False,99.99,69.758,67.988,-1.77,0.975,1000,64,1.13.1,0.8.1.dev98+ge2bdfc04.d20230412
resnet18,flexml,po2,8,int32,False,symmetric,True,0,False,99.999,69.758,69.294,-0.464,0.993,1000,64,1.13.1,0.8.1.dev98+ge2bdfc04.d20230412
resnet18,flexml,po2,8,int32,False,symmetric,True,20,False,99.9,69.758,68.378,-1.38,0.98,1000,64,1.13.1,0.8.1.dev98+ge2bdfc04.d20230412
resnet18,flexml,po2,8,int32,False,symmetric,True,20,False,99.99,69.758,68.374,-1.384,0.98,1000,64,1.13.1,0.8.1.dev98+ge2bdfc04.d20230412
resnet18,flexml,po2,8,int32,False,symmetric,True,20,False,99.999,69.758,69.408,-0.35,0.995,1000,64,1.13.1,0.8.1.dev98+ge2bdfc04.d20230412
resnet18,flexml,po2,8,int32,False,symmetric,True,20,True,99.9,69.758,67.754,-2.004,0.971,1000,64,1.13.1,0.8.1.dev98+ge2bdfc04.d20230412
resnet18,flexml,po2,8,int32,False,symmetric,True,20,True,99.99,69.758,68.804,-0.954,0.986,1000,64,1.13.1,0.8.1.dev98+ge2bdfc04.d20230412
resnet18,flexml,po2,8,int32,False,symmetric,True,20,True,99.999,69.758,69.318,-0.44,0.994,1000,64,1.13.1,0.8.1.dev98+ge2bdfc04.d20230412
resnet18,flexml,po2,8,int16,False,asymmetric,True,0,False,99.9,69.758,67.962,-1.796,0.974,1000,64,1.13.1,0.8.1.dev98+ge2bdfc04.d20230412
resnet18,flexml,po2,8,int16,False,asymmetric,True,0,False,99.99,69.758,69.014,-0.744,0.989,1000,64,1.13.1,0.8.1.dev98+ge2bdfc04.d20230412
resnet18,flexml,po2,8,int16,False,asymmetric,True,0,False,99.999,69.758,69.294,-0.464,0.993,1000,64,1.13.1,0.8.1.dev98+ge2bdfc04.d20230412
resnet18,flexml,po2,8,int16,False,asymmetric,True,20,False,99.9,69.758,69.118,-0.64,0.991,1000,64,1.13.1,0.8.1.dev98+ge2bdfc04.d20230412
resnet18,flexml,po2,8,int16,False,asymmetric,True,20,False,99.99,69.758,69.234,-0.524,0.992,1000,64,1.13.1,0.8.1.dev98+ge2bdfc04.d20230412
resnet18,flexml,po2,8,int16,False,asymmetric,True,20,False,99.999,69.758,69.408,-0.35,0.995,1000,64,1.13.1,0.8.1.dev98+ge2bdfc04.d20230412
resnet18,flexml,po2,8,int16,False,asymmetric,True,20,True,99.9,69.758,69.22,-0.538,0.992,1000,64,1.13.1,0.8.1.dev98+ge2bdfc04.d20230412
resnet18,flexml,po2,8,int16,False,asymmetric,True,20,True,99.99,69.758,69.17,-0.588,0.992,1000,64,1.13.1,0.8.1.dev98+ge2bdfc04.d20230412
resnet18,flexml,po2,8,int16,False,asymmetric,True,20,True,99.999,69.758,69.318,-0.44,0.994,1000,64,1.13.1,0.8.1.dev98+ge2bdfc04.d20230412
resnet18,flexml,po2,8,int16,False,symmetric,True,0,False,99.9,69.758,58.834,-10.924,0.843,1000,64,1.13.1,0.8.1.dev98+ge2bdfc04.d20230412
resnet18,flexml,po2,8,int16,False,symmetric,True,0,False,99.99,69.758,67.988,-1.77,0.975,1000,64,1.13.1,0.8.1.dev98+ge2bdfc04.d20230412
resnet18,flexml,po2,8,int16,False,symmetric,True,0,False,99.999,69.758,69.294,-0.464,0.993,1000,64,1.13.1,0.8.1.dev98+ge2bdfc04.d20230412
resnet18,flexml,po2,8,int16,False,symmetric,True,20,False,99.9,69.758,68.256,-1.502,0.978,1000,64,1.13.1,0.8.1.dev98+ge2bdfc04.d20230412
resnet18,flexml,po2,8,int16,False,symmetric,True,20,False,99.99,69.758,68.374,-1.384,0.98,1000,64,1.13.1,0.8.1.dev98+ge2bdfc04.d20230412
resnet18,flexml,po2,8,int16,False,symmetric,True,20,False,99.999,69.758,69.408,-0.35,0.995,1000,64,1.13.1,0.8.1.dev98+ge2bdfc04.d20230412
resnet18,flexml,po2,8,int16,False,symmetric,True,20,True,99.9,69.758,67.754,-2.004,0.971,1000,64,1.13.1,0.8.1.dev98+ge2bdfc04.d20230412
resnet18,flexml,po2,8,int16,False,symmetric,True,20,True,99.99,69.758,68.804,-0.954,0.986,1000,64,1.13.1,0.8.1.dev98+ge2bdfc04.d20230412
resnet18,flexml,po2,8,int16,False,symmetric,True,20,True,99.999,69.758,69.318,-0.44,0.994,1000,64,1.13.1,0.8.1.dev98+ge2bdfc04.d20230412
mobilenet_v2,layerwise,float32,8,int32,False,asymmetric,True,0,False,99.9,71.898,70.62,-1.278,0.982,1000,64,1.13.1,0.8.1.dev98+ge2bdfc04.d20230412
mobilenet_v2,layerwise,float32,8,int32,False,asymmetric,True,0,False,99.99,71.898,71.084,-0.814,0.989,1000,64,1.13.1,0.8.1.dev98+ge2bdfc04.d20230412
mobilenet_v2,layerwise,float32,8,int32,False,asymmetric,True,0,False,99.999,71.898,71.024,-0.874,0.988,1000,64,1.13.1,0.8.1.dev98+ge2bdfc04.d20230412
mobilenet_v2,layerwise,float32,8,int32,False,asymmetric,True,20,False,99.9,71.898,71.218,-0.68,0.991,1000,64,1.13.1,0.8.1.dev98+ge2bdfc04.d20230412
mobilenet_v2,layerwise,float32,8,int32,False,asymmetric,True,20,False,99.99,71.898,71.368,-0.53,0.993,1000,64,1.13.1,0.8.1.dev98+ge2bdfc04.d20230412
mobilenet_v2,layerwise,float32,8,int32,False,asymmetric,True,20,False,99.999,71.898,71.172,-0.726,0.99,1000,64,1.13.1,0.8.1.dev98+ge2bdfc04.d20230412
mobilenet_v2,layerwise,float32,8,int32,False,asymmetric,True,20,True,99.9,71.898,71.09,-0.808,0.989,1000,64,1.13.1,0.8.1.dev98+ge2bdfc04.d20230412
mobilenet_v2,layerwise,float32,8,int32,False,asymmetric,True,20,True,99.99,71.898,71.494,-0.404,0.994,1000,64,1.13.1,0.8.1.dev98+ge2bdfc04.d20230412
mobilenet_v2,layerwise,float32,8,int32,False,asymmetric,True,20,True,99.999,71.898,71.264,-0.634,0.991,1000,64,1.13.1,0.8.1.dev98+ge2bdfc04.d20230412
mobilenet_v2,layerwise,float32,8,int32,False,symmetric,True,0,False,99.9,71.898,70.586,-1.312,0.982,1000,64,1.13.1,0.8.1.dev98+ge2bdfc04.d20230412
mobilenet_v2,layerwise,float32,8,int32,False,symmetric,True,0,False,99.99,71.898,70.98,-0.918,0.987,1000,64,1.13.1,0.8.1.dev98+ge2bdfc04.d20230412
mobilenet_v2,layerwise,float32,8,int32,False,symmetric,True,0,False,99.999,71.898,71.024,-0.874,0.988,1000,64,1.13.1,0.8.1.dev98+ge2bdfc04.d20230412
mobilenet_v2,layerwise,float32,8,int32,False,symmetric,True,20,False,99.9,71.898,71.226,-0.672,0.991,1000,64,1.13.1,0.8.1.dev98+ge2bdfc04.d20230412
mobilenet_v2,layerwise,float32,8,int32,False,symmetric,True,20,False,99.99,71.898,71.452,-0.446,0.994,1000,64,1.13.1,0.8.1.dev98+ge2bdfc04.d20230412
mobilenet_v2,layerwise,float32,8,int32,False,symmetric,True,20,False,99.999,71.898,71.172,-0.726,0.99,1000,64,1.13.1,0.8.1.dev98+ge2bdfc04.d20230412
mobilenet_v2,layerwise,float32,8,int32,False,symmetric,True,20,True,99.9,71.898,71.062,-0.836,0.988,1000,64,1.13.1,0.8.1.dev98+ge2bdfc04.d20230412
mobilenet_v2,layerwise,float32,8,int32,False,symmetric,True,20,True,99.99,71.898,71.392,-0.506,0.993,1000,64,1.13.1,0.8.1.dev98+ge2bdfc04.d20230412
mobilenet_v2,layerwise,float32,8,int32,False,symmetric,True,20,True,99.999,71.898,71.264,-0.634,0.991,1000,64,1.13.1,0.8.1.dev98+ge2bdfc04.d20230412
mobilenet_v2,layerwise,float32,8,int32,True,asymmetric,True,0,False,99.9,71.898,71.0,-0.898,0.988,1000,64,1.13.1,0.8.1.dev98+ge2bdfc04.d20230412
mobilenet_v2,layerwise,float32,8,int32,True,asymmetric,True,0,False,99.99,71.898,71.472,-0.426,0.994,1000,64,1.13.1,0.8.1.dev98+ge2bdfc04.d20230412
mobilenet_v2,layerwise,float32,8,int32,True,asymmetric,True,0,False,99.999,71.898,71.126,-0.772,0.989,1000,64,1.13.1,0.8.1.dev98+ge2bdfc04.d20230412
mobilenet_v2,layerwise,float32,8,int32,True,asymmetric,True,20,False,99.9,71.898,71.196,-0.702,0.99,1000,64,1.13.1,0.8.1.dev98+ge2bdfc04.d20230412
mobilenet_v2,layerwise,float32,8,int32,True,asymmetric,True,20,False,99.99,71.898,71.356,-0.542,0.992,1000,64,1.13.1,0.8.1.dev98+ge2bdfc04.d20230412
mobilenet_v2,layerwise,float32,8,int32,True,asymmetric,True,20,False,99.999,71.898,71.124,-0.774,0.989,1000,64,1.13.1,0.8.1.dev98+ge2bdfc04.d20230412
mobilenet_v2,layerwise,float32,8,int32,True,asymmetric,True,20,True,99.9,71.898,71.204,-0.694,0.99,1000,64,1.13.1,0.8.1.dev98+ge2bdfc04.d20230412
mobilenet_v2,layerwise,float32,8,int32,True,asymmetric,True,20,True,99.99,71.898,71.528,-0.37,0.995,1000,64,1.13.1,0.8.1.dev98+ge2bdfc04.d20230412
mobilenet_v2,layerwise,float32,8,int32,True,asymmetric,True,20,True,99.999,71.898,71.272,-0.626,0.991,1000,64,1.13.1,0.8.1.dev98+ge2bdfc04.d20230412
mobilenet_v2,layerwise,float32,8,int32,True,symmetric,True,0,False,99.9,71.898,70.936,-0.962,0.987,1000,64,1.13.1,0.8.1.dev98+ge2bdfc04.d20230412
mobilenet_v2,layerwise,float32,8,int32,True,symmetric,True,0,False,99.99,71.898,71.39,-0.508,0.993,1000,64,1.13.1,0.8.1.dev98+ge2bdfc04.d20230412
mobilenet_v2,layerwise,float32,8,int32,True,symmetric,True,0,False,99.999,71.898,71.126,-0.772,0.989,1000,64,1.13.1,0.8.1.dev98+ge2bdfc04.d20230412
mobilenet_v2,layerwise,float32,8,int32,True,symmetric,True,20,False,99.9,71.898,71.21,-0.688,0.99,1000,64,1.13.1,0.8.1.dev98+ge2bdfc04.d20230412
mobilenet_v2,layerwise,float32,8,int32,True,symmetric,True,20,False,99.99,71.898,71.288,-0.61,0.992,1000,64,1.13.1,0.8.1.dev98+ge2bdfc04.d20230412
mobilenet_v2,layerwise,float32,8,int32,True,symmetric,True,20,False,99.999,71.898,71.124,-0.774,0.989,1000,64,1.13.1,0.8.1.dev98+ge2bdfc04.d20230412
mobilenet_v2,layerwise,float32,8,int32,True,symmetric,True,20,True,99.9,71.898,71.004,-0.894,0.988,1000,64,1.13.1,0.8.1.dev98+ge2bdfc04.d20230412
mobilenet_v2,layerwise,float32,8,int32,True,symmetric,True,20,True,99.99,71.898,71.418,-0.48,0.993,1000,64,1.13.1,0.8.1.dev98+ge2bdfc04.d20230412
mobilenet_v2,layerwise,float32,8,int32,True,symmetric,True,20,True,99.999,71.898,71.272,-0.626,0.991,1000,64,1.13.1,0.8.1.dev98+ge2bdfc04.d20230412
mobilenet_v2,layerwise,po2,8,int32,False,asymmetric,True,0,False,99.9,71.898,70.89,-1.008,0.986,1000,64,1.13.1,0.8.1.dev98+ge2bdfc04.d20230412
mobilenet_v2,layerwise,po2,8,int32,False,asymmetric,True,0,False,99.99,71.898,70.5,-1.398,0.981,1000,64,1.13.1,0.8.1.dev98+ge2bdfc04.d20230412
mobilenet_v2,layerwise,po2,8,int32,False,asymmetric,True,0,False,99.999,71.898,70.264,-1.634,0.977,1000,64,1.13.1,0.8.1.dev98+ge2bdfc04.d20230412
mobilenet_v2,layerwise,po2,8,int32,False,asymmetric,True,20,False,99.9,71.898,71.184,-0.714,0.99,1000,64,1.13.1,0.8.1.dev98+ge2bdfc04.d20230412
mobilenet_v2,layerwise,po2,8,int32,False,asymmetric,True,20,False,99.99,71.898,70.802,-1.096,0.985,1000,64,1.13.1,0.8.1.dev98+ge2bdfc04.d20230412
mobilenet_v2,layerwise,po2,8,int32,False,asymmetric,True,20,False,99.999,71.898,70.458,-1.44,0.98,1000,64,1.13.1,0.8.1.dev98+ge2bdfc04.d20230412
mobilenet_v2,layerwise,po2,8,int32,False,asymmetric,True,20,True,99.9,71.898,71.216,-0.682,0.991,1000,64,1.13.1,0.8.1.dev98+ge2bdfc04.d20230412
mobilenet_v2,layerwise,po2,8,int32,False,asymmetric,True,20,True,99.99,71.898,71.088,-0.81,0.989,1000,64,1.13.1,0.8.1.dev98+ge2bdfc04.d20230412
mobilenet_v2,layerwise,po2,8,int32,False,asymmetric,True,20,True,99.999,71.898,70.762,-1.136,0.984,1000,64,1.13.1,0.8.1.dev98+ge2bdfc04.d20230412
mobilenet_v2,layerwise,po2,8,int32,False,symmetric,True,0,False,99.9,71.898,70.94,-0.958,0.987,1000,64,1.13.1,0.8.1.dev98+ge2bdfc04.d20230412
mobilenet_v2,layerwise,po2,8,int32,False,symmetric,True,0,False,99.99,71.898,70.426,-1.472,0.98,1000,64,1.13.1,0.8.1.dev98+ge2bdfc04.d20230412
mobilenet_v2,layerwise,po2,8,int32,False,symmetric,True,0,False,99.999,71.898,70.264,-1.634,0.977,1000,64,1.13.1,0.8.1.dev98+ge2bdfc04.d20230412
mobilenet_v2,layerwise,po2,8,int32,False,symmetric,True,20,False,99.9,71.898,71.124,-0.774,0.989,1000,64,1.13.1,0.8.1.dev98+ge2bdfc04.d20230412
mobilenet_v2,layerwise,po2,8,int32,False,symmetric,True,20,False,99.99,71.898,70.776,-1.122,0.984,1000,64,1.13.1,0.8.1.dev98+ge2bdfc04.d20230412
mobilenet_v2,layerwise,po2,8,int32,False,symmetric,True,20,False,99.999,71.898,70.458,-1.44,0.98,1000,64,1.13.1,0.8.1.dev98+ge2bdfc04.d20230412
mobilenet_v2,layerwise,po2,8,int32,False,symmetric,True,20,True,99.9,71.898,71.1,-0.798,0.989,1000,64,1.13.1,0.8.1.dev98+ge2bdfc04.d20230412
mobilenet_v2,layerwise,po2,8,int32,False,symmetric,True,20,True,99.99,71.898,71.016,-0.882,0.988,1000,64,1.13.1,0.8.1.dev98+ge2bdfc04.d20230412
mobilenet_v2,layerwise,po2,8,int32,False,symmetric,True,20,True,99.999,71.898,70.762,-1.136,0.984,1000,64,1.13.1,0.8.1.dev98+ge2bdfc04.d20230412
mobilenet_v2,layerwise,po2,8,int32,True,asymmetric,True,0,False,99.9,71.898,71.526,-0.372,0.995,1000,64,1.13.1,0.8.1.dev98+ge2bdfc04.d20230412
mobilenet_v2,layerwise,po2,8,int32,True,asymmetric,True,0,False,99.99,71.898,71.124,-0.774,0.989,1000,64,1.13.1,0.8.1.dev98+ge2bdfc04.d20230412
mobilenet_v2,layerwise,po2,8,int32,True,asymmetric,True,0,False,99.999,71.898,70.828,-1.07,0.985,1000,64,1.13.1,0.8.1.dev98+ge2bdfc04.d20230412
mobilenet_v2,layerwise,po2,8,int32,True,asymmetric,True,20,False,99.9,71.898,71.408,-0.49,0.993,1000,64,1.13.1,0.8.1.dev98+ge2bdfc04.d20230412
mobilenet_v2,layerwise,po2,8,int32,True,asymmetric,True,20,False,99.99,71.898,70.972,-0.926,0.987,1000,64,1.13.1,0.8.1.dev98+ge2bdfc04.d20230412
mobilenet_v2,layerwise,po2,8,int32,True,asymmetric,True,20,False,99.999,71.898,70.558,-1.34,0.981,1000,64,1.13.1,0.8.1.dev98+ge2bdfc04.d20230412
mobilenet_v2,layerwise,po2,8,int32,True,asymmetric,True,20,True,99.9,71.898,71.398,-0.5,0.993,1000,64,1.13.1,0.8.1.dev98+ge2bdfc04.d20230412
mobilenet_v2,layerwise,po2,8,int32,True,asymmetric,True,20,True,99.99,71.898,71.238,-0.66,0.991,1000,64,1.13.1,0.8.1.dev98+ge2bdfc04.d20230412
mobilenet_v2,layerwise,po2,8,int32,True,asymmetric,True,20,True,99.999,71.898,70.892,-1.006,0.986,1000,64,1.13.1,0.8.1.dev98+ge2bdfc04.d20230412
mobilenet_v2,layerwise,po2,8,int32,True,symmetric,True,0,False,99.9,71.898,71.456,-0.442,0.994,1000,64,1.13.1,0.8.1.dev98+ge2bdfc04.d20230412
mobilenet_v2,layerwise,po2,8,int32,True,symmetric,True,0,False,99.99,71.898,71.012,-0.886,0.988,1000,64,1.13.1,0.8.1.dev98+ge2bdfc04.d20230412
mobilenet_v2,layerwise,po2,8,int32,True,symmetric,True,0,False,99.999,71.898,70.828,-1.07,0.985,1000,64,1.13.1,0.8.1.dev98+ge2bdfc04.d20230412
mobilenet_v2,layerwise,po2,8,int32,True,symmetric,True,20,False,99.9,71.898,71.31,-0.588,0.992,1000,64,1.13.1,0.8.1.dev98+ge2bdfc04.d20230412
mobilenet_v2,layerwise,po2,8,int32,True,symmetric,True,20,False,99.99,71.898,70.984,-0.914,0.987,1000,64,1.13.1,0.8.1.dev98+ge2bdfc04.d20230412
mobilenet_v2,layerwise,po2,8,int32,True,symmetric,True,20,False,99.999,71.898,70.558,-1.34,0.981,1000,64,1.13.1,0.8.1.dev98+ge2bdfc04.d20230412
mobilenet_v2,layerwise,po2,8,int32,True,symmetric,True,20,True,99.9,71.898,71.334,-0.564,0.992,1000,64,1.13.1,0.8.1.dev98+ge2bdfc04.d20230412
mobilenet_v2,layerwise,po2,8,int32,True,symmetric,True,20,True,99.99,71.898,71.134,-0.764,0.989,1000,64,1.13.1,0.8.1.dev98+ge2bdfc04.d20230412
mobilenet_v2,layerwise,po2,8,int32,True,symmetric,True,20,True,99.999,71.898,70.892,-1.006,0.986,1000,64,1.13.1,0.8.1.dev98+ge2bdfc04.d20230412
mobilenet_v2,generic,float32,8,int32,False,asymmetric,True,0,False,99.9,71.898,61.992,-9.906,0.862,1000,64,1.13.1,0.8.1.dev98+ge2bdfc04.d20230412
mobilenet_v2,generic,float32,8,int32,False,asymmetric,True,0,False,99.99,71.898,70.716,-1.182,0.984,1000,64,1.13.1,0.8.1.dev98+ge2bdfc04.d20230412
mobilenet_v2,generic,float32,8,int32,False,asymmetric,True,0,False,99.999,71.898,70.616,-1.282,0.982,1000,64,1.13.1,0.8.1.dev98+ge2bdfc04.d20230412
mobilenet_v2,generic,float32,8,int32,False,asymmetric,True,20,False,99.9,71.898,62.304,-9.594,0.867,1000,64,1.13.1,0.8.1.dev98+ge2bdfc04.d20230412
mobilenet_v2,generic,float32,8,int32,False,asymmetric,True,20,False,99.99,71.898,71.0,-0.898,0.988,1000,64,1.13.1,0.8.1.dev98+ge2bdfc04.d20230412
mobilenet_v2,generic,float32,8,int32,False,asymmetric,True,20,False,99.999,71.898,70.634,-1.264,0.982,1000,64,1.13.1,0.8.1.dev98+ge2bdfc04.d20230412
mobilenet_v2,generic,float32,8,int32,False,asymmetric,True,20,True,99.9,71.898,62.268,-9.63,0.866,1000,64,1.13.1,0.8.1.dev98+ge2bdfc04.d20230412
mobilenet_v2,generic,float32,8,int32,False,asymmetric,True,20,True,99.99,71.898,71.128,-0.77,0.989,1000,64,1.13.1,0.8.1.dev98+ge2bdfc04.d20230412
mobilenet_v2,generic,float32,8,int32,False,asymmetric,True,20,True,99.999,71.898,70.776,-1.122,0.984,1000,64,1.13.1,0.8.1.dev98+ge2bdfc04.d20230412
mobilenet_v2,generic,float32,8,int32,False,symmetric,True,0,False,99.9,71.898,61.476,-10.422,0.855,1000,64,1.13.1,0.8.1.dev98+ge2bdfc04.d20230412
mobilenet_v2,generic,float32,8,int32,False,symmetric,True,0,False,99.99,71.898,70.722,-1.176,0.984,1000,64,1.13.1,0.8.1.dev98+ge2bdfc04.d20230412
mobilenet_v2,generic,float32,8,int32,False,symmetric,True,0,False,99.999,71.898,70.616,-1.282,0.982,1000,64,1.13.1,0.8.1.dev98+ge2bdfc04.d20230412
mobilenet_v2,generic,float32,8,int32,False,symmetric,True,20,False,99.9,71.898,61.42,-10.478,0.854,1000,64,1.13.1,0.8.1.dev98+ge2bdfc04.d20230412
mobilenet_v2,generic,float32,8,int32,False,symmetric,True,20,False,99.99,71.898,70.822,-1.076,0.985,1000,64,1.13.1,0.8.1.dev98+ge2bdfc04.d20230412
mobilenet_v2,generic,float32,8,int32,False,symmetric,True,20,False,99.999,71.898,70.634,-1.264,0.982,1000,64,1.13.1,0.8.1.dev98+ge2bdfc04.d20230412
mobilenet_v2,generic,float32,8,int32,False,symmetric,True,20,True,99.9,71.898,61.642,-10.256,0.857,1000,64,1.13.1,0.8.1.dev98+ge2bdfc04.d20230412
mobilenet_v2,generic,float32,8,int32,False,symmetric,True,20,True,99.99,71.898,70.96,-0.938,0.987,1000,64,1.13.1,0.8.1.dev98+ge2bdfc04.d20230412
mobilenet_v2,generic,float32,8,int32,False,symmetric,True,20,True,99.999,71.898,70.776,-1.122,0.984,1000,64,1.13.1,0.8.1.dev98+ge2bdfc04.d20230412
mobilenet_v2,generic,float32,8,int32,True,asymmetric,True,0,False,99.9,71.898,62.41,-9.488,0.868,1000,64,1.13.1,0.8.1.dev98+ge2bdfc04.d20230412
mobilenet_v2,generic,float32,8,int32,True,asymmetric,True,0,False,99.99,71.898,71.158,-0.74,0.99,1000,64,1.13.1,0.8.1.dev98+ge2bdfc04.d20230412
mobilenet_v2,generic,float32,8,int32,True,asymmetric,True,0,False,99.999,71.898,70.74,-1.158,0.984,1000,64,1.13.1,0.8.1.dev98+ge2bdfc04.d20230412
mobilenet_v2,generic,float32,8,int32,True,asymmetric,True,20,False,99.9,71.898,62.27,-9.628,0.866,1000,64,1.13.1,0.8.1.dev98+ge2bdfc04.d20230412
mobilenet_v2,generic,float32,8,int32,True,asymmetric,True,20,False,99.99,71.898,71.046,-0.852,0.988,1000,64,1.13.1,0.8.1.dev98+ge2bdfc04.d20230412
mobilenet_v2,generic,float32,8,int32,True,asymmetric,True,20,False,99.999,71.898,70.602,-1.296,0.982,1000,64,1.13.1,0.8.1.dev98+ge2bdfc04.d20230412
mobilenet_v2,generic,float32,8,int32,True,asymmetric,True,20,True,99.9,71.898,61.93,-9.968,0.861,1000,64,1.13.1,0.8.1.dev98+ge2bdfc04.d20230412
mobilenet_v2,generic,float32,8,int32,True,asymmetric,True,20,True,99.99,71.898,71.174,-0.724,0.99,1000,64,1.13.1,0.8.1.dev98+ge2bdfc04.d20230412
mobilenet_v2,generic,float32,8,int32,True,asymmetric,True,20,True,99.999,71.898,70.782,-1.116,0.984,1000,64,1.13.1,0.8.1.dev98+ge2bdfc04.d20230412
mobilenet_v2,generic,float32,8,int32,True,symmetric,True,0,False,99.9,71.898,62.062,-9.836,0.863,1000,64,1.13.1,0.8.1.dev98+ge2bdfc04.d20230412
mobilenet_v2,generic,float32,8,int32,True,symmetric,True,0,False,99.99,71.898,71.052,-0.846,0.988,1000,64,1.13.1,0.8.1.dev98+ge2bdfc04.d20230412
mobilenet_v2,generic,float32,8,int32,True,symmetric,True,0,False,99.999,71.898,70.74,-1.158,0.984,1000,64,1.13.1,0.8.1.dev98+ge2bdfc04.d20230412
mobilenet_v2,generic,float32,8,int32,True,symmetric,True,20,False,99.9,71.898,61.41,-10.488,0.854,1000,64,1.13.1,0.8.1.dev98+ge2bdfc04.d20230412
mobilenet_v2,generic,float32,8,int32,True,symmetric,True,20,False,99.99,71.898,70.906,-0.992,0.986,1000,64,1.13.1,0.8.1.dev98+ge2bdfc04.d20230412
mobilenet_v2,generic,float32,8,int32,True,symmetric,True,20,False,99.999,71.898,70.602,-1.296,0.982,1000,64,1.13.1,0.8.1.dev98+ge2bdfc04.d20230412
mobilenet_v2,generic,float32,8,int32,True,symmetric,True,20,True,99.9,71.898,61.218,-10.68,0.851,1000,64,1.13.1,0.8.1.dev98+ge2bdfc04.d20230412
mobilenet_v2,generic,float32,8,int32,True,symmetric,True,20,True,99.99,71.898,70.856,-1.042,0.986,1000,64,1.13.1,0.8.1.dev98+ge2bdfc04.d20230412
mobilenet_v2,generic,float32,8,int32,True,symmetric,True,20,True,99.999,71.898,70.782,-1.116,0.984,1000,64,1.13.1,0.8.1.dev98+ge2bdfc04.d20230412
mobilenet_v2,generic,po2,8,int32,False,asymmetric,True,0,False,99.9,71.898,70.358,-1.54,0.979,1000,64,1.13.1,0.8.1.dev98+ge2bdfc04.d20230412
mobilenet_v2,generic,po2,8,int32,False,asymmetric,True,0,False,99.99,71.898,70.014,-1.884,0.974,1000,64,1.13.1,0.8.1.dev98+ge2bdfc04.d20230412
mobilenet_v2,generic,po2,8,int32,False,asymmetric,True,0,False,99.999,71.898,69.936,-1.962,0.973,1000,64,1.13.1,0.8.1.dev98+ge2bdfc04.d20230412
mobilenet_v2,generic,po2,8,int32,False,asymmetric,True,20,False,99.9,71.898,70.478,-1.42,0.98,1000,64,1.13.1,0.8.1.dev98+ge2bdfc04.d20230412
mobilenet_v2,generic,po2,8,int32,False,asymmetric,True,20,False,99.99,71.898,70.548,-1.35,0.981,1000,64,1.13.1,0.8.1.dev98+ge2bdfc04.d20230412
mobilenet_v2,generic,po2,8,int32,False,asymmetric,True,20,False,99.999,71.898,69.21,-2.688,0.963,1000,64,1.13.1,0.8.1.dev98+ge2bdfc04.d20230412
mobilenet_v2,generic,po2,8,int32,False,asymmetric,True,20,True,99.9,71.898,70.746,-1.152,0.984,1000,64,1.13.1,0.8.1.dev98+ge2bdfc04.d20230412
mobilenet_v2,generic,po2,8,int32,False,asymmetric,True,20,True,99.99,71.898,70.524,-1.374,0.981,1000,64,1.13.1,0.8.1.dev98+ge2bdfc04.d20230412
mobilenet_v2,generic,po2,8,int32,False,asymmetric,True,20,True,99.999,71.898,69.946,-1.952,0.973,1000,64,1.13.1,0.8.1.dev98+ge2bdfc04.d20230412
mobilenet_v2,generic,po2,8,int32,False,symmetric,True,0,False,99.9,71.898,68.8,-3.098,0.957,1000,64,1.13.1,0.8.1.dev98+ge2bdfc04.d20230412
mobilenet_v2,generic,po2,8,int32,False,symmetric,True,0,False,99.99,71.898,69.992,-1.906,0.973,1000,64,1.13.1,0.8.1.dev98+ge2bdfc04.d20230412
mobilenet_v2,generic,po2,8,int32,False,symmetric,True,0,False,99.999,71.898,69.936,-1.962,0.973,1000,64,1.13.1,0.8.1.dev98+ge2bdfc04.d20230412
mobilenet_v2,generic,po2,8,int32,False,symmetric,True,20,False,99.9,71.898,69.03,-2.868,0.96,1000,64,1.13.1,0.8.1.dev98+ge2bdfc04.d20230412
mobilenet_v2,generic,po2,8,int32,False,symmetric,True,20,False,99.99,71.898,70.13,-1.768,0.975,1000,64,1.13.1,0.8.1.dev98+ge2bdfc04.d20230412
mobilenet_v2,generic,po2,8,int32,False,symmetric,True,20,False,99.999,71.898,69.21,-2.688,0.963,1000,64,1.13.1,0.8.1.dev98+ge2bdfc04.d20230412
mobilenet_v2,generic,po2,8,int32,False,symmetric,True,20,True,99.9,71.898,69.278,-2.62,0.964,1000,64,1.13.1,0.8.1.dev98+ge2bdfc04.d20230412
mobilenet_v2,generic,po2,8,int32,False,symmetric,True,20,True,99.99,71.898,70.662,-1.236,0.983,1000,64,1.13.1,0.8.1.dev98+ge2bdfc04.d20230412
mobilenet_v2,generic,po2,8,int32,False,symmetric,True,20,True,99.999,71.898,69.946,-1.952,0.973,1000,64,1.13.1,0.8.1.dev98+ge2bdfc04.d20230412
mobilenet_v2,generic,po2,8,int32,True,asymmetric,True,0,False,99.9,71.898,70.892,-1.006,0.986,1000,64,1.13.1,0.8.1.dev98+ge2bdfc04.d20230412
mobilenet_v2,generic,po2,8,int32,True,asymmetric,True,0,False,99.99,71.898,70.584,-1.314,0.982,1000,64,1.13.1,0.8.1.dev98+ge2bdfc04.d20230412
mobilenet_v2,generic,po2,8,int32,True,asymmetric,True,0,False,99.999,71.898,70.358,-1.54,0.979,1000,64,1.13.1,0.8.1.dev98+ge2bdfc04.d20230412
mobilenet_v2,generic,po2,8,int32,True,asymmetric,True,20,False,99.9,71.898,70.574,-1.324,0.982,1000,64,1.13.1,0.8.1.dev98+ge2bdfc04.d20230412
mobilenet_v2,generic,po2,8,int32,True,asymmetric,True,20,False,99.99,71.898,70.594,-1.304,0.982,1000,64,1.13.1,0.8.1.dev98+ge2bdfc04.d20230412
mobilenet_v2,generic,po2,8,int32,True,asymmetric,True,20,False,99.999,71.898,69.372,-2.526,0.965,1000,64,1.13.1,0.8.1.dev98+ge2bdfc04.d20230412
mobilenet_v2,generic,po2,8,int32,True,asymmetric,True,20,True,99.9,71.898,70.892,-1.006,0.986,1000,64,1.13.1,0.8.1.dev98+ge2bdfc04.d20230412
mobilenet_v2,generic,po2,8,int32,True,asymmetric,True,20,True,99.99,71.898,70.922,-0.976,0.986,1000,64,1.13.1,0.8.1.dev98+ge2bdfc04.d20230412
mobilenet_v2,generic,po2,8,int32,True,asymmetric,True,20,True,99.999,71.898,70.126,-1.772,0.975,1000,64,1.13.1,0.8.1.dev98+ge2bdfc04.d20230412
mobilenet_v2,generic,po2,8,int32,True,symmetric,True,0,False,99.9,71.898,69.184,-2.714,0.962,1000,64,1.13.1,0.8.1.dev98+ge2bdfc04.d20230412
mobilenet_v2,generic,po2,8,int32,True,symmetric,True,0,False,99.99,71.898,70.63,-1.268,0.982,1000,64,1.13.1,0.8.1.dev98+ge2bdfc04.d20230412
mobilenet_v2,generic,po2,8,int32,True,symmetric,True,0,False,99.999,71.898,70.358,-1.54,0.979,1000,64,1.13.1,0.8.1.dev98+ge2bdfc04.d20230412
mobilenet_v2,generic,po2,8,int32,True,symmetric,True,20,False,99.9,71.898,69.048,-2.85,0.96,1000,64,1.13.1,0.8.1.dev98+ge2bdfc04.d20230412
mobilenet_v2,generic,po2,8,int32,True,symmetric,True,20,False,99.99,71.898,70.284,-1.614,0.978,1000,64,1.13.1,0.8.1.dev98+ge2bdfc04.d20230412
mobilenet_v2,generic,po2,8,int32,True,symmetric,True,20,False,99.999,71.898,69.372,-2.526,0.965,1000,64,1.13.1,0.8.1.dev98+ge2bdfc04.d20230412
mobilenet_v2,generic,po2,8,int32,True,symmetric,True,20,True,99.9,71.898,69.326,-2.572,0.964,1000,64,1.13.1,0.8.1.dev98+ge2bdfc04.d20230412
mobilenet_v2,generic,po2,8,int32,True,symmetric,True,20,True,99.99,71.898,70.856,-1.042,0.986,1000,64,1.13.1,0.8.1.dev98+ge2bdfc04.d20230412
mobilenet_v2,generic,po2,8,int32,True,symmetric,True,20,True,99.999,71.898,70.126,-1.772,0.975,1000,64,1.13.1,0.8.1.dev98+ge2bdfc04.d20230412
mobilenet_v2,flexml,po2,8,int32,False,asymmetric,True,0,False,99.9,71.898,70.358,-1.54,0.979,1000,64,1.13.1,0.8.1.dev98+ge2bdfc04.d20230412
mobilenet_v2,flexml,po2,8,int32,False,asymmetric,True,0,False,99.99,71.898,70.014,-1.884,0.974,1000,64,1.13.1,0.8.1.dev98+ge2bdfc04.d20230412
mobilenet_v2,flexml,po2,8,int32,False,asymmetric,True,0,False,99.999,71.898,69.936,-1.962,0.973,1000,64,1.13.1,0.8.1.dev98+ge2bdfc04.d20230412
mobilenet_v2,flexml,po2,8,int32,False,asymmetric,True,20,False,99.9,71.898,70.478,-1.42,0.98,1000,64,1.13.1,0.8.1.dev98+ge2bdfc04.d20230412
mobilenet_v2,flexml,po2,8,int32,False,asymmetric,True,20,False,99.99,71.898,70.548,-1.35,0.981,1000,64,1.13.1,0.8.1.dev98+ge2bdfc04.d20230412
mobilenet_v2,flexml,po2,8,int32,False,asymmetric,True,20,False,99.999,71.898,69.21,-2.688,0.963,1000,64,1.13.1,0.8.1.dev98+ge2bdfc04.d20230412
mobilenet_v2,flexml,po2,8,int32,False,asymmetric,True,20,True,99.9,71.898,70.746,-1.152,0.984,1000,64,1.13.1,0.8.1.dev98+ge2bdfc04.d20230412
mobilenet_v2,flexml,po2,8,int32,False,asymmetric,True,20,True,99.99,71.898,70.524,-1.374,0.981,1000,64,1.13.1,0.8.1.dev98+ge2bdfc04.d20230412
mobilenet_v2,flexml,po2,8,int32,False,asymmetric,True,20,True,99.999,71.898,69.946,-1.952,0.973,1000,64,1.13.1,0.8.1.dev98+ge2bdfc04.d20230412
mobilenet_v2,flexml,po2,8,int32,False,symmetric,True,0,False,99.9,71.898,68.8,-3.098,0.957,1000,64,1.13.1,0.8.1.dev98+ge2bdfc04.d20230412
mobilenet_v2,flexml,po2,8,int32,False,symmetric,True,0,False,99.99,71.898,69.992,-1.906,0.973,1000,64,1.13.1,0.8.1.dev98+ge2bdfc04.d20230412
mobilenet_v2,flexml,po2,8,int32,False,symmetric,True,0,False,99.999,71.898,69.936,-1.962,0.973,1000,64,1.13.1,0.8.1.dev98+ge2bdfc04.d20230412
mobilenet_v2,flexml,po2,8,int32,False,symmetric,True,20,False,99.9,71.898,69.03,-2.868,0.96,1000,64,1.13.1,0.8.1.dev98+ge2bdfc04.d20230412
mobilenet_v2,flexml,po2,8,int32,False,symmetric,True,20,False,99.99,71.898,70.13,-1.768,0.975,1000,64,1.13.1,0.8.1.dev98+ge2bdfc04.d20230412
mobilenet_v2,flexml,po2,8,int32,False,symmetric,True,20,False,99.999,71.898,69.21,-2.688,0.963,1000,64,1.13.1,0.8.1.dev98+ge2bdfc04.d20230412
mobilenet_v2,flexml,po2,8,int32,False,symmetric,True,20,True,99.9,71.898,69.278,-2.62,0.964,1000,64,1.13.1,0.8.1.dev98+ge2bdfc04.d20230412
mobilenet_v2,flexml,po2,8,int32,False,symmetric,True,20,True,99.99,71.898,70.662,-1.236,0.983,1000,64,1.13.1,0.8.1.dev98+ge2bdfc04.d20230412
mobilenet_v2,flexml,po2,8,int32,False,symmetric,True,20,True,99.999,71.898,69.946,-1.952,0.973,1000,64,1.13.1,0.8.1.dev98+ge2bdfc04.d20230412
mobilenet_v2,flexml,po2,8,int16,False,asymmetric,True,0,False,99.9,71.898,70.274,-1.624,0.977,1000,64,1.13.1,0.8.1.dev98+ge2bdfc04.d20230412
mobilenet_v2,flexml,po2,8,int16,False,asymmetric,True,0,False,99.99,71.898,69.972,-1.926,0.973,1000,64,1.13.1,0.8.1.dev98+ge2bdfc04.d20230412
mobilenet_v2,flexml,po2,8,int16,False,asymmetric,True,0,False,99.999,71.898,69.936,-1.962,0.973,1000,64,1.13.1,0.8.1.dev98+ge2bdfc04.d20230412
mobilenet_v2,flexml,po2,8,int16,False,asymmetric,True,20,False,99.9,71.898,32.124,-39.774,0.447,1000,64,1.13.1,0.8.1.dev98+ge2bdfc04.d20230412
mobilenet_v2,flexml,po2,8,int16,False,asymmetric,True,20,False,99.99,71.898,69.53,-2.368,0.967,1000,64,1.13.1,0.8.1.dev98+ge2bdfc04.d20230412
mobilenet_v2,flexml,po2,8,int16,False,asymmetric,True,20,False,99.999,71.898,68.212,-3.686,0.949,1000,64,1.13.1,0.8.1.dev98+ge2bdfc04.d20230412
mobilenet_v2,flexml,po2,8,int16,False,asymmetric,True,20,True,99.9,71.898,69.326,-2.572,0.964,1000,64,1.13.1,0.8.1.dev98+ge2bdfc04.d20230412
mobilenet_v2,flexml,po2,8,int16,False,asymmetric,True,20,True,99.99,71.898,70.524,-1.374,0.981,1000,64,1.13.1,0.8.1.dev98+ge2bdfc04.d20230412
mobilenet_v2,flexml,po2,8,int16,False,asymmetric,True,20,True,99.999,71.898,69.946,-1.952,0.973,1000,64,1.13.1,0.8.1.dev98+ge2bdfc04.d20230412
mobilenet_v2,flexml,po2,8,int16,False,symmetric,True,0,False,99.9,71.898,68.848,-3.05,0.958,1000,64,1.13.1,0.8.1.dev98+ge2bdfc04.d20230412
mobilenet_v2,flexml,po2,8,int16,False,symmetric,True,0,False,99.99,71.898,69.902,-1.996,0.972,1000,64,1.13.1,0.8.1.dev98+ge2bdfc04.d20230412
mobilenet_v2,flexml,po2,8,int16,False,symmetric,True,0,False,99.999,71.898,69.936,-1.962,0.973,1000,64,1.13.1,0.8.1.dev98+ge2bdfc04.d20230412
mobilenet_v2,flexml,po2,8,int16,False,symmetric,True,20,False,99.9,71.898,66.232,-5.666,0.921,1000,64,1.13.1,0.8.1.dev98+ge2bdfc04.d20230412
mobilenet_v2,flexml,po2,8,int16,False,symmetric,True,20,False,99.99,71.898,69.382,-2.516,0.965,1000,64,1.13.1,0.8.1.dev98+ge2bdfc04.d20230412
mobilenet_v2,flexml,po2,8,int16,False,symmetric,True,20,False,99.999,71.898,68.212,-3.686,0.949,1000,64,1.13.1,0.8.1.dev98+ge2bdfc04.d20230412
mobilenet_v2,flexml,po2,8,int16,False,symmetric,True,20,True,99.9,71.898,67.782,-4.116,0.943,1000,64,1.13.1,0.8.1.dev98+ge2bdfc04.d20230412
mobilenet_v2,flexml,po2,8,int16,False,symmetric,True,20,True,99.99,71.898,70.662,-1.236,0.983,1000,64,1.13.1,0.8.1.dev98+ge2bdfc04.d20230412
mobilenet_v2,flexml,po2,8,int16,False,symmetric,True,20,True,99.999,71.898,69.946,-1.952,0.973,1000,64,1.13.1,0.8.1.dev98+ge2bdfc04.d20230412
vit_b_32,layerwise,float32,8,int32,False,asymmetric,True,0,False,99.9,75.912,5.926,-69.986,0.078,1000,64,1.13.1,0.8.1.dev98+ge2bdfc04.d20230412
vit_b_32,layerwise,float32,8,int32,False,asymmetric,True,0,False,99.99,75.912,10.618,-65.294,0.14,1000,64,1.13.1,0.8.1.dev98+ge2bdfc04.d20230412
vit_b_32,layerwise,float32,8,int32,False,asymmetric,True,0,False,99.999,75.912,75.658,-0.254,0.997,1000,64,1.13.1,0.8.1.dev98+ge2bdfc04.d20230412
vit_b_32,layerwise,float32,8,int32,False,asymmetric,True,20,False,99.9,75.912,7.194,-68.718,0.095,1000,64,1.13.1,0.8.1.dev98+ge2bdfc04.d20230412
vit_b_32,layerwise,float32,8,int32,False,asymmetric,True,20,False,99.99,75.912,34.154,-41.758,0.45,1000,64,1.13.1,0.8.1.dev98+ge2bdfc04.d20230412
vit_b_32,layerwise,float32,8,int32,False,asymmetric,True,20,False,99.999,75.912,75.686,-0.226,0.997,1000,64,1.13.1,0.8.1.dev98+ge2bdfc04.d20230412
vit_b_32,layerwise,float32,8,int32,False,asymmetric,True,20,True,99.9,75.912,6.632,-69.28,0.087,1000,64,1.13.1,0.8.1.dev98+ge2bdfc04.d20230412
vit_b_32,layerwise,float32,8,int32,False,asymmetric,True,20,True,99.99,75.912,23.314,-52.598,0.307,1000,64,1.13.1,0.8.1.dev98+ge2bdfc04.d20230412
vit_b_32,layerwise,float32,8,int32,False,asymmetric,True,20,True,99.999,75.912,75.778,-0.134,0.998,1000,64,1.13.1,0.8.1.dev98+ge2bdfc04.d20230412
vit_b_32,layerwise,float32,8,int32,False,symmetric,True,0,False,99.9,75.912,7.938,-67.974,0.105,1000,64,1.13.1,0.8.1.dev98+ge2bdfc04.d20230412
vit_b_32,layerwise,float32,8,int32,False,symmetric,True,0,False,99.99,75.912,60.532,-15.38,0.797,1000,64,1.13.1,0.8.1.dev98+ge2bdfc04.d20230412
vit_b_32,layerwise,float32,8,int32,False,symmetric,True,0,False,99.999,75.912,75.658,-0.254,0.997,1000,64,1.13.1,0.8.1.dev98+ge2bdfc04.d20230412
vit_b_32,layerwise,float32,8,int32,False,symmetric,True,20,False,99.9,75.912,8.414,-67.498,0.111,1000,64,1.13.1,0.8.1.dev98+ge2bdfc04.d20230412
vit_b_32,layerwise,float32,8,int32,False,symmetric,True,20,False,99.99,75.912,71.332,-4.58,0.94,1000,64,1.13.1,0.8.1.dev98+ge2bdfc04.d20230412
vit_b_32,layerwise,float32,8,int32,False,symmetric,True,20,False,99.999,75.912,75.686,-0.226,0.997,1000,64,1.13.1,0.8.1.dev98+ge2bdfc04.d20230412
vit_b_32,layerwise,float32,8,int32,False,symmetric,True,20,True,99.9,75.912,9.19,-66.722,0.121,1000,64,1.13.1,0.8.1.dev98+ge2bdfc04.d20230412
vit_b_32,layerwise,float32,8,int32,False,symmetric,True,20,True,99.99,75.912,71.902,-4.01,0.947,1000,64,1.13.1,0.8.1.dev98+ge2bdfc04.d20230412
vit_b_32,layerwise,float32,8,int32,False,symmetric,True,20,True,99.999,75.912,75.778,-0.134,0.998,1000,64,1.13.1,0.8.1.dev98+ge2bdfc04.d20230412
vit_b_32,layerwise,float32,8,int32,True,asymmetric,True,0,False,99.9,75.912,5.922,-69.99,0.078,1000,64,1.13.1,0.8.1.dev98+ge2bdfc04.d20230412
vit_b_32,layerwise,float32,8,int32,True,asymmetric,True,0,False,99.99,75.912,10.836,-65.076,0.143,1000,64,1.13.1,0.8.1.dev98+ge2bdfc04.d20230412
vit_b_32,layerwise,float32,8,int32,True,asymmetric,True,0,False,99.999,75.912,75.8,-0.112,0.999,1000,64,1.13.1,0.8.1.dev98+ge2bdfc04.d20230412
vit_b_32,layerwise,float32,8,int32,True,asymmetric,True,20,False,99.9,75.912,7.012,-68.9,0.092,1000,64,1.13.1,0.8.1.dev98+ge2bdfc04.d20230412
vit_b_32,layerwise,float32,8,int32,True,asymmetric,True,20,False,99.99,75.912,34.342,-41.57,0.452,1000,64,1.13.1,0.8.1.dev98+ge2bdfc04.d20230412
vit_b_32,layerwise,float32,8,int32,True,asymmetric,True,20,False,99.999,75.912,75.646,-0.266,0.996,1000,64,1.13.1,0.8.1.dev98+ge2bdfc04.d20230412
vit_b_32,layerwise,float32,8,int32,True,asymmetric,True,20,True,99.9,75.912,6.488,-69.424,0.085,1000,64,1.13.1,0.8.1.dev98+ge2bdfc04.d20230412
vit_b_32,layerwise,float32,8,int32,True,asymmetric,True,20,True,99.99,75.912,23.6,-52.312,0.311,1000,64,1.13.1,0.8.1.dev98+ge2bdfc04.d20230412
vit_b_32,layerwise,float32,8,int32,True,asymmetric,True,20,True,99.999,75.912,75.878,-0.034,1.0,1000,64,1.13.1,0.8.1.dev98+ge2bdfc04.d20230412
vit_b_32,layerwise,float32,8,int32,True,symmetric,True,0,False,99.9,75.912,7.972,-67.94,0.105,1000,64,1.13.1,0.8.1.dev98+ge2bdfc04.d20230412
vit_b_32,layerwise,float32,8,int32,True,symmetric,True,0,False,99.99,75.912,60.708,-15.204,0.8,1000,64,1.13.1,0.8.1.dev98+ge2bdfc04.d20230412
vit_b_32,layerwise,float32,8,int32,True,symmetric,True,0,False,99.999,75.912,75.8,-0.112,0.999,1000,64,1.13.1,0.8.1.dev98+ge2bdfc04.d20230412
vit_b_32,layerwise,float32,8,int32,True,symmetric,True,20,False,99.9,75.912,8.486,-67.426,0.112,1000,64,1.13.1,0.8.1.dev98+ge2bdfc04.d20230412
vit_b_32,layerwise,float32,8,int32,True,symmetric,True,20,False,99.99,75.912,71.356,-4.556,0.94,1000,64,1.13.1,0.8.1.dev98+ge2bdfc04.d20230412
vit_b_32,layerwise,float32,8,int32,True,symmetric,True,20,False,99.999,75.912,75.646,-0.266,0.996,1000,64,1.13.1,0.8.1.dev98+ge2bdfc04.d20230412
vit_b_32,layerwise,float32,8,int32,True,symmetric,True,20,True,99.9,75.912,9.278,-66.634,0.122,1000,64,1.13.1,0.8.1.dev98+ge2bdfc04.d20230412
vit_b_32,layerwise,float32,8,int32,True,symmetric,True,20,True,99.99,75.912,71.998,-3.914,0.948,1000,64,1.13.1,0.8.1.dev98+ge2bdfc04.d20230412
vit_b_32,layerwise,float32,8,int32,True,symmetric,True,20,True,99.999,75.912,75.878,-0.034,1.0,1000,64,1.13.1,0.8.1.dev98+ge2bdfc04.d20230412
vit_b_32,layerwise,po2,8,int32,False,asymmetric,True,0,False,99.9,75.912,8.458,-67.454,0.111,1000,64,1.13.1,0.8.1.dev98+ge2bdfc04.d20230412
vit_b_32,layerwise,po2,8,int32,False,asymmetric,True,0,False,99.99,75.912,12.318,-63.594,0.162,1000,64,1.13.1,0.8.1.dev98+ge2bdfc04.d20230412
vit_b_32,layerwise,po2,8,int32,False,asymmetric,True,0,False,99.999,75.912,75.558,-0.354,0.995,1000,64,1.13.1,0.8.1.dev98+ge2bdfc04.d20230412
vit_b_32,layerwise,po2,8,int32,False,asymmetric,True,20,False,99.9,75.912,10.586,-65.326,0.139,1000,64,1.13.1,0.8.1.dev98+ge2bdfc04.d20230412
vit_b_32,layerwise,po2,8,int32,False,asymmetric,True,20,False,99.99,75.912,57.672,-18.24,0.76,1000,64,1.13.1,0.8.1.dev98+ge2bdfc04.d20230412
vit_b_32,layerwise,po2,8,int32,False,asymmetric,True,20,False,99.999,75.912,75.514,-0.398,0.995,1000,64,1.13.1,0.8.1.dev98+ge2bdfc04.d20230412
vit_b_32,layerwise,po2,8,int32,False,asymmetric,True,20,True,99.9,75.912,10.56,-65.352,0.139,1000,64,1.13.1,0.8.1.dev98+ge2bdfc04.d20230412
vit_b_32,layerwise,po2,8,int32,False,asymmetric,True,20,True,99.99,75.912,27.306,-48.606,0.36,1000,64,1.13.1,0.8.1.dev98+ge2bdfc04.d20230412
vit_b_32,layerwise,po2,8,int32,False,asymmetric,True,20,True,99.999,75.912,75.668,-0.244,0.997,1000,64,1.13.1,0.8.1.dev98+ge2bdfc04.d20230412
vit_b_32,layerwise,po2,8,int32,False,symmetric,True,0,False,99.9,75.912,42.856,-33.056,0.565,1000,64,1.13.1,0.8.1.dev98+ge2bdfc04.d20230412
vit_b_32,layerwise,po2,8,int32,False,symmetric,True,0,False,99.99,75.912,73.49,-2.422,0.968,1000,64,1.13.1,0.8.1.dev98+ge2bdfc04.d20230412
vit_b_32,layerwise,po2,8,int32,False,symmetric,True,0,False,99.999,75.912,75.558,-0.354,0.995,1000,64,1.13.1,0.8.1.dev98+ge2bdfc04.d20230412
vit_b_32,layerwise,po2,8,int32,False,symmetric,True,20,False,99.9,75.912,48.124,-27.788,0.634,1000,64,1.13.1,0.8.1.dev98+ge2bdfc04.d20230412
vit_b_32,layerwise,po2,8,int32,False,symmetric,True,20,False,99.99,75.912,75.002,-0.91,0.988,1000,64,1.13.1,0.8.1.dev98+ge2bdfc04.d20230412
vit_b_32,layerwise,po2,8,int32,False,symmetric,True,20,False,99.999,75.912,75.514,-0.398,0.995,1000,64,1.13.1,0.8.1.dev98+ge2bdfc04.d20230412
vit_b_32,layerwise,po2,8,int32,False,symmetric,True,20,True,99.9,75.912,63.162,-12.75,0.832,1000,64,1.13.1,0.8.1.dev98+ge2bdfc04.d20230412
vit_b_32,layerwise,po2,8,int32,False,symmetric,True,20,True,99.99,75.912,75.046,-0.866,0.989,1000,64,1.13.1,0.8.1.dev98+ge2bdfc04.d20230412
vit_b_32,layerwise,po2,8,int32,False,symmetric,True,20,True,99.999,75.912,75.668,-0.244,0.997,1000,64,1.13.1,0.8.1.dev98+ge2bdfc04.d20230412
vit_b_32,layerwise,po2,8,int32,True,asymmetric,True,0,False,99.9,75.912,8.522,-67.39,0.112,1000,64,1.13.1,0.8.1.dev98+ge2bdfc04.d20230412
vit_b_32,layerwise,po2,8,int32,True,asymmetric,True,0,False,99.99,75.912,11.818,-64.094,0.156,1000,64,1.13.1,0.8.1.dev98+ge2bdfc04.d20230412
vit_b_32,layerwise,po2,8,int32,True,asymmetric,True,0,False,99.999,75.912,75.692,-0.22,0.997,1000,64,1.13.1,0.8.1.dev98+ge2bdfc04.d20230412
vit_b_32,layerwise,po2,8,int32,True,asymmetric,True,20,False,99.9,75.912,10.554,-65.358,0.139,1000,64,1.13.1,0.8.1.dev98+ge2bdfc04.d20230412
vit_b_32,layerwise,po2,8,int32,True,asymmetric,True,20,False,99.99,75.912,57.57,-18.342,0.758,1000,64,1.13.1,0.8.1.dev98+ge2bdfc04.d20230412
vit_b_32,layerwise,po2,8,int32,True,asymmetric,True,20,False,99.999,75.912,75.63,-0.282,0.996,1000,64,1.13.1,0.8.1.dev98+ge2bdfc04.d20230412
vit_b_32,layerwise,po2,8,int32,True,asymmetric,True,20,True,99.9,75.912,10.6,-65.312,0.14,1000,64,1.13.1,0.8.1.dev98+ge2bdfc04.d20230412
vit_b_32,layerwise,po2,8,int32,True,asymmetric,True,20,True,99.99,75.912,27.49,-48.422,0.362,1000,64,1.13.1,0.8.1.dev98+ge2bdfc04.d20230412
vit_b_32,layerwise,po2,8,int32,True,asymmetric,True,20,True,99.999,75.912,75.74,-0.172,0.998,1000,64,1.13.1,0.8.1.dev98+ge2bdfc04.d20230412
vit_b_32,layerwise,po2,8,int32,True,symmetric,True,0,False,99.9,75.912,41.676,-34.236,0.549,1000,64,1.13.1,0.8.1.dev98+ge2bdfc04.d20230412
vit_b_32,layerwise,po2,8,int32,True,symmetric,True,0,False,99.99,75.912,73.682,-2.23,0.971,1000,64,1.13.1,0.8.1.dev98+ge2bdfc04.d20230412
vit_b_32,layerwise,po2,8,int32,True,symmetric,True,0,False,99.999,75.912,75.692,-0.22,0.997,1000,64,1.13.1,0.8.1.dev98+ge2bdfc04.d20230412
vit_b_32,layerwise,po2,8,int32,True,symmetric,True,20,False,99.9,75.912,47.544,-28.368,0.626,1000,64,1.13.1,0.8.1.dev98+ge2bdfc04.d20230412
vit_b_32,layerwise,po2,8,int32,True,symmetric,True,20,False,99.99,75.912,75.204,-0.708,0.991,1000,64,1.13.1,0.8.1.dev98+ge2bdfc04.d20230412
vit_b_32,layerwise,po2,8,int32,True,symmetric,True,20,False,99.999,75.912,75.63,-0.282,0.996,1000,64,1.13.1,0.8.1.dev98+ge2bdfc04.d20230412
vit_b_32,layerwise,po2,8,int32,True,symmetric,True,20,True,99.9,75.912,63.216,-12.696,0.833,1000,64,1.13.1,0.8.1.dev98+ge2bdfc04.d20230412
vit_b_32,layerwise,po2,8,int32,True,symmetric,True,20,True,99.99,75.912,75.19,-0.722,0.99,1000,64,1.13.1,0.8.1.dev98+ge2bdfc04.d20230412
vit_b_32,layerwise,po2,8,int32,True,symmetric,True,20,True,99.999,75.912,75.74,-0.172,0.998,1000,64,1.13.1,0.8.1.dev98+ge2bdfc04.d20230412
vit_b_32,generic,float32,8,int32,False,asymmetric,True,0,False,99.9,75.912,6.038,-69.874,0.08,1000,64,1.13.1,0.8.1.dev98+ge2bdfc04.d20230412
vit_b_32,generic,float32,8,int32,False,asymmetric,True,0,False,99.99,75.912,7.918,-67.994,0.104,1000,64,1.13.1,0.8.1.dev98+ge2bdfc04.d20230412
vit_b_32,generic,float32,8,int32,False,asymmetric,True,0,False,99.999,75.912,74.494,-1.418,0.981,1000,64,1.13.1,0.8.1.dev98+ge2bdfc04.d20230412
vit_b_32,generic,float32,8,int32,False,asymmetric,True,20,False,99.9,75.912,5.486,-70.426,0.072,1000,64,1.13.1,0.8.1.dev98+ge2bdfc04.d20230412
vit_b_32,generic,float32,8,int32,False,asymmetric,True,20,False,99.99,75.912,7.654,-68.258,0.101,1000,64,1.13.1,0.8.1.dev98+ge2bdfc04.d20230412
vit_b_32,generic,float32,8,int32,False,asymmetric,True,20,False,99.999,75.912,72.798,-3.114,0.959,1000,64,1.13.1,0.8.1.dev98+ge2bdfc04.d20230412
vit_b_32,generic,float32,8,int32,False,asymmetric,True,20,True,99.9,75.912,5.7,-70.212,0.075,1000,64,1.13.1,0.8.1.dev98+ge2bdfc04.d20230412
vit_b_32,generic,float32,8,int32,False,asymmetric,True,20,True,99.99,75.912,15.192,-60.72,0.2,1000,64,1.13.1,0.8.1.dev98+ge2bdfc04.d20230412
vit_b_32,generic,float32,8,int32,False,asymmetric,True,20,True,99.999,75.912,74.444,-1.468,0.981,1000,64,1.13.1,0.8.1.dev98+ge2bdfc04.d20230412
vit_b_32,generic,float32,8,int32,False,symmetric,True,0,False,99.9,75.912,6.38,-69.532,0.084,1000,64,1.13.1,0.8.1.dev98+ge2bdfc04.d20230412
vit_b_32,generic,float32,8,int32,False,symmetric,True,0,False,99.99,75.912,35.478,-40.434,0.467,1000,64,1.13.1,0.8.1.dev98+ge2bdfc04.d20230412
vit_b_32,generic,float32,8,int32,False,symmetric,True,0,False,99.999,75.912,74.494,-1.418,0.981,1000,64,1.13.1,0.8.1.dev98+ge2bdfc04.d20230412
vit_b_32,generic,float32,8,int32,False,symmetric,True,20,False,99.9,75.912,6.152,-69.76,0.081,1000,64,1.13.1,0.8.1.dev98+ge2bdfc04.d20230412
vit_b_32,generic,float32,8,int32,False,symmetric,True,20,False,99.99,75.912,66.124,-9.788,0.871,1000,64,1.13.1,0.8.1.dev98+ge2bdfc04.d20230412
vit_b_32,generic,float32,8,int32,False,symmetric,True,20,False,99.999,75.912,72.798,-3.114,0.959,1000,64,1.13.1,0.8.1.dev98+ge2bdfc04.d20230412
vit_b_32,generic,float32,8,int32,False,symmetric,True,20,True,99.9,75.912,6.812,-69.1,0.09,1000,64,1.13.1,0.8.1.dev98+ge2bdfc04.d20230412
vit_b_32,generic,float32,8,int32,False,symmetric,True,20,True,99.99,75.912,52.588,-23.324,0.693,1000,64,1.13.1,0.8.1.dev98+ge2bdfc04.d20230412
vit_b_32,generic,float32,8,int32,False,symmetric,True,20,True,99.999,75.912,74.444,-1.468,0.981,1000,64,1.13.1,0.8.1.dev98+ge2bdfc04.d20230412
vit_b_32,generic,float32,8,int32,True,asymmetric,True,0,False,99.9,75.912,5.832,-70.08,0.077,1000,64,1.13.1,0.8.1.dev98+ge2bdfc04.d20230412
vit_b_32,generic,float32,8,int32,True,asymmetric,True,0,False,99.99,75.912,7.828,-68.084,0.103,1000,64,1.13.1,0.8.1.dev98+ge2bdfc04.d20230412
vit_b_32,generic,float32,8,int32,True,asymmetric,True,0,False,99.999,75.912,74.504,-1.408,0.981,1000,64,1.13.1,0.8.1.dev98+ge2bdfc04.d20230412
vit_b_32,generic,float32,8,int32,True,asymmetric,True,20,False,99.9,75.912,5.302,-70.61,0.07,1000,64,1.13.1,0.8.1.dev98+ge2bdfc04.d20230412
vit_b_32,generic,float32,8,int32,True,asymmetric,True,20,False,99.99,75.912,7.532,-68.38,0.099,1000,64,1.13.1,0.8.1.dev98+ge2bdfc04.d20230412
vit_b_32,generic,float32,8,int32,True,asymmetric,True,20,False,99.999,75.912,72.932,-2.98,0.961,1000,64,1.13.1,0.8.1.dev98+ge2bdfc04.d20230412
vit_b_32,generic,float32,8,int32,True,asymmetric,True,20,True,99.9,75.912,5.508,-70.404,0.073,1000,64,1.13.1,0.8.1.dev98+ge2bdfc04.d20230412
vit_b_32,generic,float32,8,int32,True,asymmetric,True,20,True,99.99,75.912,14.958,-60.954,0.197,1000,64,1.13.1,0.8.1.dev98+ge2bdfc04.d20230412
vit_b_32,generic,float32,8,int32,True,asymmetric,True,20,True,99.999,75.912,74.49,-1.422,0.981,1000,64,1.13.1,0.8.1.dev98+ge2bdfc04.d20230412
vit_b_32,generic,float32,8,int32,True,symmetric,True,0,False,99.9,75.912,6.524,-69.388,0.086,1000,64,1.13.1,0.8.1.dev98+ge2bdfc04.d20230412
vit_b_32,generic,float32,8,int32,True,symmetric,True,0,False,99.99,75.912,35.742,-40.17,0.471,1000,64,1.13.1,0.8.1.dev98+ge2bdfc04.d20230412
vit_b_32,generic,float32,8,int32,True,symmetric,True,0,False,99.999,75.912,74.504,-1.408,0.981,1000,64,1.13.1,0.8.1.dev98+ge2bdfc04.d20230412
vit_b_32,generic,float32,8,int32,True,symmetric,True,20,False,99.9,75.912,6.052,-69.86,0.08,1000,64,1.13.1,0.8.1.dev98+ge2bdfc04.d20230412
vit_b_32,generic,float32,8,int32,True,symmetric,True,20,False,99.99,75.912,66.21,-9.702,0.872,1000,64,1.13.1,0.8.1.dev98+ge2bdfc04.d20230412
vit_b_32,generic,float32,8,int32,True,symmetric,True,20,False,99.999,75.912,72.932,-2.98,0.961,1000,64,1.13.1,0.8.1.dev98+ge2bdfc04.d20230412
vit_b_32,generic,float32,8,int32,True,symmetric,True,20,True,99.9,75.912,6.604,-69.308,0.087,1000,64,1.13.1,0.8.1.dev98+ge2bdfc04.d20230412
vit_b_32,generic,float32,8,int32,True,symmetric,True,20,True,99.99,75.912,53.052,-22.86,0.699,1000,64,1.13.1,0.8.1.dev98+ge2bdfc04.d20230412
vit_b_32,generic,float32,8,int32,True,symmetric,True,20,True,99.999,75.912,74.49,-1.422,0.981,1000,64,1.13.1,0.8.1.dev98+ge2bdfc04.d20230412
vit_b_32,generic,po2,8,int32,False,asymmetric,True,0,False,99.9,75.912,6.83,-69.082,0.09,1000,64,1.13.1,0.8.1.dev98+ge2bdfc04.d20230412
vit_b_32,generic,po2,8,int32,False,asymmetric,True,0,False,99.99,75.912,9.328,-66.584,0.123,1000,64,1.13.1,0.8.1.dev98+ge2bdfc04.d20230412
vit_b_32,generic,po2,8,int32,False,asymmetric,True,0,False,99.999,75.912,73.86,-2.052,0.973,1000,64,1.13.1,0.8.1.dev98+ge2bdfc04.d20230412
vit_b_32,generic,po2,8,int32,False,asymmetric,True,20,False,99.9,75.912,8.016,-67.896,0.106,1000,64,1.13.1,0.8.1.dev98+ge2bdfc04.d20230412
vit_b_32,generic,po2,8,int32,False,asymmetric,True,20,False,99.99,75.912,24.978,-50.934,0.329,1000,64,1.13.1,0.8.1.dev98+ge2bdfc04.d20230412
vit_b_32,generic,po2,8,int32,False,asymmetric,True,20,False,99.999,75.912,73.894,-2.018,0.973,1000,64,1.13.1,0.8.1.dev98+ge2bdfc04.d20230412
vit_b_32,generic,po2,8,int32,False,asymmetric,True,20,True,99.9,75.912,7.24,-68.672,0.095,1000,64,1.13.1,0.8.1.dev98+ge2bdfc04.d20230412
vit_b_32,generic,po2,8,int32,False,asymmetric,True,20,True,99.99,75.912,10.144,-65.768,0.134,1000,64,1.13.1,0.8.1.dev98+ge2bdfc04.d20230412
vit_b_32,generic,po2,8,int32,False,asymmetric,True,20,True,99.999,75.912,73.32,-2.592,0.966,1000,64,1.13.1,0.8.1.dev98+ge2bdfc04.d20230412
vit_b_32,generic,po2,8,int32,False,symmetric,True,0,False,99.9,75.912,8.724,-67.188,0.115,1000,64,1.13.1,0.8.1.dev98+ge2bdfc04.d20230412
vit_b_32,generic,po2,8,int32,False,symmetric,True,0,False,99.99,75.912,30.992,-44.92,0.408,1000,64,1.13.1,0.8.1.dev98+ge2bdfc04.d20230412
vit_b_32,generic,po2,8,int32,False,symmetric,True,0,False,99.999,75.912,73.86,-2.052,0.973,1000,64,1.13.1,0.8.1.dev98+ge2bdfc04.d20230412
vit_b_32,generic,po2,8,int32,False,symmetric,True,20,False,99.9,75.912,14.382,-61.53,0.189,1000,64,1.13.1,0.8.1.dev98+ge2bdfc04.d20230412
vit_b_32,generic,po2,8,int32,False,symmetric,True,20,False,99.99,75.912,64.378,-11.534,0.848,1000,64,1.13.1,0.8.1.dev98+ge2bdfc04.d20230412
vit_b_32,generic,po2,8,int32,False,symmetric,True,20,False,99.999,75.912,73.894,-2.018,0.973,1000,64,1.13.1,0.8.1.dev98+ge2bdfc04.d20230412
vit_b_32,generic,po2,8,int32,False,symmetric,True,20,True,99.9,75.912,9.282,-66.63,0.122,1000,64,1.13.1,0.8.1.dev98+ge2bdfc04.d20230412
vit_b_32,generic,po2,8,int32,False,symmetric,True,20,True,99.99,75.912,38.48,-37.432,0.507,1000,64,1.13.1,0.8.1.dev98+ge2bdfc04.d20230412
vit_b_32,generic,po2,8,int32,False,symmetric,True,20,True,99.999,75.912,73.32,-2.592,0.966,1000,64,1.13.1,0.8.1.dev98+ge2bdfc04.d20230412
vit_b_32,generic,po2,8,int32,True,asymmetric,True,0,False,99.9,75.912,6.752,-69.16,0.089,1000,64,1.13.1,0.8.1.dev98+ge2bdfc04.d20230412
vit_b_32,generic,po2,8,int32,True,asymmetric,True,0,False,99.99,75.912,9.486,-66.426,0.125,1000,64,1.13.1,0.8.1.dev98+ge2bdfc04.d20230412
vit_b_32,generic,po2,8,int32,True,asymmetric,True,0,False,99.999,75.912,74.098,-1.814,0.976,1000,64,1.13.1,0.8.1.dev98+ge2bdfc04.d20230412
vit_b_32,generic,po2,8,int32,True,asymmetric,True,20,False,99.9,75.912,7.814,-68.098,0.103,1000,64,1.13.1,0.8.1.dev98+ge2bdfc04.d20230412
vit_b_32,generic,po2,8,int32,True,asymmetric,True,20,False,99.99,75.912,25.546,-50.366,0.337,1000,64,1.13.1,0.8.1.dev98+ge2bdfc04.d20230412
vit_b_32,generic,po2,8,int32,True,asymmetric,True,20,False,99.999,75.912,74.072,-1.84,0.976,1000,64,1.13.1,0.8.1.dev98+ge2bdfc04.d20230412
vit_b_32,generic,po2,8,int32,True,asymmetric,True,20,True,99.9,75.912,7.312,-68.6,0.096,1000,64,1.13.1,0.8.1.dev98+ge2bdfc04.d20230412
vit_b_32,generic,po2,8,int32,True,asymmetric,True,20,True,99.99,75.912,10.212,-65.7,0.135,1000,64,1.13.1,0.8.1.dev98+ge2bdfc04.d20230412
vit_b_32,generic,po2,8,int32,True,asymmetric,True,20,True,99.999,75.912,73.494,-2.418,0.968,1000,64,1.13.1,0.8.1.dev98+ge2bdfc04.d20230412
vit_b_32,generic,po2,8,int32,True,symmetric,True,0,False,99.9,75.912,8.702,-67.21,0.115,1000,64,1.13.1,0.8.1.dev98+ge2bdfc04.d20230412
vit_b_32,generic,po2,8,int32,True,symmetric,True,0,False,99.99,75.912,30.01,-45.902,0.395,1000,64,1.13.1,0.8.1.dev98+ge2bdfc04.d20230412
vit_b_32,generic,po2,8,int32,True,symmetric,True,0,False,99.999,75.912,74.098,-1.814,0.976,1000,64,1.13.1,0.8.1.dev98+ge2bdfc04.d20230412
vit_b_32,generic,po2,8,int32,True,symmetric,True,20,False,99.9,75.912,14.524,-61.388,0.191,1000,64,1.13.1,0.8.1.dev98+ge2bdfc04.d20230412
vit_b_32,generic,po2,8,int32,True,symmetric,True,20,False,99.99,75.912,65.002,-10.91,0.856,1000,64,1.13.1,0.8.1.dev98+ge2bdfc04.d20230412
vit_b_32,generic,po2,8,int32,True,symmetric,True,20,False,99.999,75.912,74.072,-1.84,0.976,1000,64,1.13.1,0.8.1.dev98+ge2bdfc04.d20230412
vit_b_32,generic,po2,8,int32,True,symmetric,True,20,True,99.9,75.912,9.706,-66.206,0.128,1000,64,1.13.1,0.8.1.dev98+ge2bdfc04.d20230412
vit_b_32,generic,po2,8,int32,True,symmetric,True,20,True,99.99,75.912,37.012,-38.9,0.488,1000,64,1.13.1,0.8.1.dev98+ge2bdfc04.d20230412
vit_b_32,generic,po2,8,int32,True,symmetric,True,20,True,99.999,75.912,73.494,-2.418,0.968,1000,64,1.13.1,0.8.1.dev98+ge2bdfc04.d20230412
vit_b_32,flexml,po2,8,int32,False,asymmetric,True,0,False,99.9,75.912,6.824,-69.088,0.09,1000,64,1.13.1,0.8.1.dev98+ge2bdfc04.d20230412
vit_b_32,flexml,po2,8,int32,False,asymmetric,True,0,False,99.99,75.912,9.354,-66.558,0.123,1000,64,1.13.1,0.8.1.dev98+ge2bdfc04.d20230412
vit_b_32,flexml,po2,8,int32,False,asymmetric,True,0,False,99.999,75.912,73.94,-1.972,0.974,1000,64,1.13.1,0.8.1.dev98+ge2bdfc04.d20230412
vit_b_32,flexml,po2,8,int32,False,asymmetric,True,20,False,99.9,75.912,7.962,-67.95,0.105,1000,64,1.13.1,0.8.1.dev98+ge2bdfc04.d20230412
vit_b_32,flexml,po2,8,int32,False,asymmetric,True,20,False,99.99,75.912,26.04,-49.872,0.343,1000,64,1.13.1,0.8.1.dev98+ge2bdfc04.d20230412
vit_b_32,flexml,po2,8,int32,False,asymmetric,True,20,False,99.999,75.912,73.964,-1.948,0.974,1000,64,1.13.1,0.8.1.dev98+ge2bdfc04.d20230412
vit_b_32,flexml,po2,8,int32,False,asymmetric,True,20,True,99.9,75.912,7.276,-68.636,0.096,1000,64,1.13.1,0.8.1.dev98+ge2bdfc04.d20230412
vit_b_32,flexml,po2,8,int32,False,asymmetric,True,20,True,99.99,75.912,10.142,-65.77,0.134,1000,64,1.13.1,0.8.1.dev98+ge2bdfc04.d20230412
vit_b_32,flexml,po2,8,int32,False,asymmetric,True,20,True,99.999,75.912,73.242,-2.67,0.965,1000,64,1.13.1,0.8.1.dev98+ge2bdfc04.d20230412
vit_b_32,flexml,po2,8,int32,False,symmetric,True,0,False,99.9,75.912,8.708,-67.204,0.115,1000,64,1.13.1,0.8.1.dev98+ge2bdfc04.d20230412
vit_b_32,flexml,po2,8,int32,False,symmetric,True,0,False,99.99,75.912,32.382,-43.53,0.427,1000,64,1.13.1,0.8.1.dev98+ge2bdfc04.d20230412
vit_b_32,flexml,po2,8,int32,False,symmetric,True,0,False,99.999,75.912,73.94,-1.972,0.974,1000,64,1.13.1,0.8.1.dev98+ge2bdfc04.d20230412
vit_b_32,flexml,po2,8,int32,False,symmetric,True,20,False,99.9,75.912,15.17,-60.742,0.2,1000,64,1.13.1,0.8.1.dev98+ge2bdfc04.d20230412
vit_b_32,flexml,po2,8,int32,False,symmetric,True,20,False,99.99,75.912,65.554,-10.358,0.864,1000,64,1.13.1,0.8.1.dev98+ge2bdfc04.d20230412
vit_b_32,flexml,po2,8,int32,False,symmetric,True,20,False,99.999,75.912,73.964,-1.948,0.974,1000,64,1.13.1,0.8.1.dev98+ge2bdfc04.d20230412
vit_b_32,flexml,po2,8,int32,False,symmetric,True,20,True,99.9,75.912,9.44,-66.472,0.124,1000,64,1.13.1,0.8.1.dev98+ge2bdfc04.d20230412
vit_b_32,flexml,po2,8,int32,False,symmetric,True,20,True,99.99,75.912,38.862,-37.05,0.512,1000,64,1.13.1,0.8.1.dev98+ge2bdfc04.d20230412
vit_b_32,flexml,po2,8,int32,False,symmetric,True,20,True,99.999,75.912,73.242,-2.67,0.965,1000,64,1.13.1,0.8.1.dev98+ge2bdfc04.d20230412
vit_b_32,flexml,po2,8,int16,False,asymmetric,True,0,False,99.9,75.912,6.81,-69.102,0.09,1000,64,1.13.1,0.8.1.dev98+ge2bdfc04.d20230412
vit_b_32,flexml,po2,8,int16,False,asymmetric,True,0,False,99.99,75.912,9.382,-66.53,0.124,1000,64,1.13.1,0.8.1.dev98+ge2bdfc04.d20230412
vit_b_32,flexml,po2,8,int16,False,asymmetric,True,0,False,99.999,75.912,73.94,-1.972,0.974,1000,64,1.13.1,0.8.1.dev98+ge2bdfc04.d20230412
vit_b_32,flexml,po2,8,int16,False,asymmetric,True,20,False,99.9,75.912,7.936,-67.976,0.105,1000,64,1.13.1,0.8.1.dev98+ge2bdfc04.d20230412
vit_b_32,flexml,po2,8,int16,False,asymmetric,True,20,False,99.99,75.912,26.024,-49.888,0.343,1000,64,1.13.1,0.8.1.dev98+ge2bdfc04.d20230412
vit_b_32,flexml,po2,8,int16,False,asymmetric,True,20,False,99.999,75.912,73.964,-1.948,0.974,1000,64,1.13.1,0.8.1.dev98+ge2bdfc04.d20230412
vit_b_32,flexml,po2,8,int16,False,asymmetric,True,20,True,99.9,75.912,7.252,-68.66,0.096,1000,64,1.13.1,0.8.1.dev98+ge2bdfc04.d20230412
vit_b_32,flexml,po2,8,int16,False,asymmetric,True,20,True,99.99,75.912,10.15,-65.762,0.134,1000,64,1.13.1,0.8.1.dev98+ge2bdfc04.d20230412
vit_b_32,flexml,po2,8,int16,False,asymmetric,True,20,True,99.999,75.912,73.242,-2.67,0.965,1000,64,1.13.1,0.8.1.dev98+ge2bdfc04.d20230412
vit_b_32,flexml,po2,8,int16,False,symmetric,True,0,False,99.9,75.912,8.708,-67.204,0.115,1000,64,1.13.1,0.8.1.dev98+ge2bdfc04.d20230412
vit_b_32,flexml,po2,8,int16,False,symmetric,True,0,False,99.99,75.912,32.382,-43.53,0.427,1000,64,1.13.1,0.8.1.dev98+ge2bdfc04.d20230412
vit_b_32,flexml,po2,8,int16,False,symmetric,True,0,False,99.999,75.912,73.94,-1.972,0.974,1000,64,1.13.1,0.8.1.dev98+ge2bdfc04.d20230412
vit_b_32,flexml,po2,8,int16,False,symmetric,True,20,False,99.9,75.912,15.17,-60.742,0.2,1000,64,1.13.1,0.8.1.dev98+ge2bdfc04.d20230412
vit_b_32,flexml,po2,8,int16,False,symmetric,True,20,False,99.99,75.912,65.554,-10.358,0.864,1000,64,1.13.1,0.8.1.dev98+ge2bdfc04.d20230412
vit_b_32,flexml,po2,8,int16,False,symmetric,True,20,False,99.999,75.912,73.964,-1.948,0.974,1000,64,1.13.1,0.8.1.dev98+ge2bdfc04.d20230412
vit_b_32,flexml,po2,8,int16,False,symmetric,True,20,True,99.9,75.912,9.44,-66.472,0.124,1000,64,1.13.1,0.8.1.dev98+ge2bdfc04.d20230412
vit_b_32,flexml,po2,8,int16,False,symmetric,True,20,True,99.99,75.912,38.862,-37.05,0.512,1000,64,1.13.1,0.8.1.dev98+ge2bdfc04.d20230412
vit_b_32,flexml,po2,8,int16,False,symmetric,True,20,True,99.999,75.912,73.242,-2.67,0.965,1000,64,1.13.1,0.8.1.dev98+ge2bdfc04.d20230412
